SiteName,Operator,starttime,timeofday,Value
BQE,nyccas,2026-09-25 03:00:00.000,03:00 AM,3.89
BQE,nyccas,2026-09-25 04:00:00.000,04:00 AM,3.98
BQE,nyccas,2026-09-25 05:00:00.000,05:00 AM,4.62
BQE,nyccas,2026-09-25 06:00:00.000,06:00 AM,4.39
BQE,nyccas,2026-09-25 07:00:00.000,07:00 AM,4.32
BQE,nyccas,2026-09-25 08:00:00.000,08:00 AM,4.88
BQE,nyccas,2026-09-25 09:00:00.000,09:00 AM,4.7
BQE,nyccas,2026-09-25 10:00:00.000,10:00 AM,4.11
BQE,nyccas,2026-09-25 11:00:00.000,11:00 AM,3.35
BQE,nyccas,2026-09-25 12:00:00.000,12:00 PM,4.4
BQE,nyccas,2026-09-25 13:00:00.000,01:00 PM,4.71
BQE,nyccas,2026-09-25 14:00:00.000,02:00 PM,4.64
BQE,nyccas,2026-09-25 15:00:00.000,03:00 PM,4.62
BQE,nyccas,2026-09-25 16:00:00.000,04:00 PM,4.27
BQE,nyccas,2026-09-25 17:00:00.000,05:00 PM,4.3
BQE,nyccas,2026-09-25 18:00:00.000,06:00 PM,4.27
BQE,nyccas,2026-09-25 19:00:00.000,07:00 PM,4.35
BQE,nyccas,2026-09-25 20:00:00.000,08:00 PM,4.34
BQE,nyccas,2026-09-25 21:00:00.000,09:00 PM,4.08
BQE,nyccas,2026-09-25 22:00:00.000,10:00 PM,4.52
BQE,nyccas,2026-09-25 23:00:00.000,11:00 PM,5.41
BQE,nyccas,2026-09-26 00:00:00.000,12:00 AM,3.55
BQE,nyccas,2026-09-26 01:00:00.000,01:00 AM,3.26
BQE,nyccas,2026-09-26 02:00:00.000,02:00 AM,3.55
BQE,nyccas,2026-09-26 03:00:00.000,03:00 AM,3.83
BQE,nyccas,2026-09-26 04:00:00.000,04:00 AM,4.35
BQE,nyccas,2026-09-26 05:00:00.000,05:00 AM,3.93
BQE,nyccas,2026-09-26 06:00:00.000,06:00 AM,4.1
BQE,nyccas,2026-09-26 07:00:00.000,07:00 AM,4.38
BQE,nyccas,2026-09-26 08:00:00.000,08:00 AM,4.8
BQE,nyccas,2026-09-26 09:00:00.000,09:00 AM,4.5
BQE,nyccas,2026-09-26 10:00:00.000,10:00 AM,3.66
BQE,nyccas,2026-09-26 11:00:00.000,11:00 AM,3.84
BQE,nyccas,2026-09-26 12:00:00.000,12:00 PM,4.39
BQE,nyccas,2026-09-26 13:00:00.000,01:00 PM,3.97
BQE,nyccas,2026-09-26 14:00:00.000,02:00 PM,3.99
BQE,nyccas,2026-09-26 15:00:00.000,03:00 PM,4.19
BQE,nyccas,2026-09-26 16:00:00.000,04:00 PM,4.39
BQE,nyccas,2026-09-26 17:00:00.000,05:00 PM,4.35
BQE,nyccas,2026-09-26 18:00:00.000,06:00 PM,4.47
BQE,nyccas,2026-09-26 19:00:00.000,07:00 PM,4.92
BQE,nyccas,2026-09-26 20:00:00.000,08:00 PM,5.22
BQE,nyccas,2026-09-26 21:00:00.000,09:00 PM,4.88
BQE,nyccas,2026-09-26 22:00:00.000,10:00 PM,4.6
BQE,nyccas,2026-09-26 23:00:00.000,11:00 PM,4.26
BQE,nyccas,2026-09-27 00:00:00.000,12:00 AM,3.85
BQE,nyccas,2026-09-27 01:00:00.000,01:00 AM,3.62
BQE,nyccas,2026-09-27 02:00:00.000,02:00 AM,3.32
BQE,nyccas,2026-09-27 03:00:00.000,03:00 AM,2.85
BQE,nyccas,2026-09-27 04:00:00.000,04:00 AM,2.62
BQE,nyccas,2026-09-27 05:00:00.000,05:00 AM,2.22
BQE,nyccas,2026-09-27 06:00:00.000,06:00 AM,2.19
BQE,nyccas,2026-09-27 07:00:00.000,07:00 AM,2.19
BQE,nyccas,2026-09-27 08:00:00.000,08:00 AM,2.2
BQE,nyccas,2026-09-27 09:00:00.000,09:00 AM,2.2
BQE,nyccas,2026-09-27 10:00:00.000,10:00 AM,2.24
BQE,nyccas,2026-09-27 11:00:00.000,11:00 AM,2.63
BQE,nyccas,2026-09-27 12:00:00.000,12:00 PM,3.24
BQE,nyccas,2026-09-27 13:00:00.000,01:00 PM,2.93
BQE,nyccas,2026-09-27 14:00:00.000,02:00 PM,3.52
BQE,nyccas,2026-09-27 15:00:00.000,03:00 PM,3.01
BQE,nyccas,2026-09-27 16:00:00.000,04:00 PM,2.91
BQE,nyccas,2026-09-27 17:00:00.000,05:00 PM,3.37
BQE,nyccas,2026-09-27 18:00:00.000,06:00 PM,3.27
BQE,nyccas,2026-09-27 19:00:00.000,07:00 PM,3.5
BQE,nyccas,2026-09-27 20:00:00.000,08:00 PM,2.96
BQE,nyccas,2026-09-27 21:00:00.000,09:00 PM,2.84
BQE,nyccas,2026-09-27 22:00:00.000,10:00 PM,2.69
BQE,nyccas,2026-09-27 23:00:00.000,11:00 PM,3.05
BQE,nyccas,2026-09-28 00:00:00.000,12:00 AM,2.3
BQE,nyccas,2026-09-28 01:00:00.000,01:00 AM,2.21
BQE,nyccas,2026-09-28 02:00:00.000,02:00 AM,2.28
BQE,nyccas,2026-09-28 03:00:00.000,03:00 AM,2.52
BQE,nyccas,2026-09-28 04:00:00.000,04:00 AM,2.78
BQE,nyccas,2026-09-28 05:00:00.000,05:00 AM,3.0
BQE,nyccas,2026-09-28 06:00:00.000,06:00 AM,3.2
BQE,nyccas,2026-09-28 07:00:00.000,07:00 AM,3.1
BQE,nyccas,2026-09-28 08:00:00.000,08:00 AM,3.04
BQE,nyccas,2026-09-28 09:00:00.000,09:00 AM,3.46
BQE,nyccas,2026-09-28 10:00:00.000,10:00 AM,2.99
BQE,nyccas,2026-09-28 11:00:00.000,11:00 AM,3.08
BQE,nyccas,2026-09-28 12:00:00.000,12:00 PM,2.86
BQE,nyccas,2026-09-28 13:00:00.000,01:00 PM,2.86
BQE,nyccas,2026-09-28 14:00:00.000,02:00 PM,2.59
BQE,nyccas,2026-09-28 15:00:00.000,03:00 PM,2.55
BQE,nyccas,2026-09-28 16:00:00.000,04:00 PM,3.13
BQE,nyccas,2026-09-28 17:00:00.000,05:00 PM,3.15
BQE,nyccas,2026-09-28 18:00:00.000,06:00 PM,3.37
BQE,nyccas,2026-09-28 19:00:00.000,07:00 PM,3.64
BQE,nyccas,2026-09-28 20:00:00.000,08:00 PM,3.54
BQE,nyccas,2026-09-28 21:00:00.000,09:00 PM,3.49
BQE,nyccas,2026-09-28 22:00:00.000,10:00 PM,3.24
BQE,nyccas,2026-09-28 23:00:00.000,11:00 PM,2.91
BQE,nyccas,2026-09-29 00:00:00.000,12:00 AM,3.29
BQE,nyccas,2026-09-29 01:00:00.000,01:00 AM,2.85
BQE,nyccas,2026-09-29 02:00:00.000,02:00 AM,2.98
BQE,nyccas,2026-09-29 03:00:00.000,03:00 AM,3.36
BQE,nyccas,2026-09-29 04:00:00.000,04:00 AM,3.61
BQE,nyccas,2026-09-29 05:00:00.000,05:00 AM,4.93
BQE,nyccas,2026-09-29 06:00:00.000,06:00 AM,4.86
BQE,nyccas,2026-09-29 07:00:00.000,07:00 AM,4.98
BQE,nyccas,2026-09-29 08:00:00.000,08:00 AM,4.71
BQE,nyccas,2026-09-29 09:00:00.000,09:00 AM,4.65
BQE,nyccas,2026-09-29 10:00:00.000,10:00 AM,4.37
BQE,nyccas,2026-09-29 11:00:00.000,11:00 AM,3.17
BQE,nyccas,2026-09-29 12:00:00.000,12:00 PM,3.89
BQE,nyccas,2026-09-29 13:00:00.000,01:00 PM,3.84
BQE,nyccas,2026-09-29 14:00:00.000,02:00 PM,3.95
BQE,nyccas,2026-09-29 15:00:00.000,03:00 PM,4.27
BQE,nyccas,2026-09-29 16:00:00.000,04:00 PM,4.06
BQE,nyccas,2026-09-29 17:00:00.000,05:00 PM,3.97
BQE,nyccas,2026-09-29 18:00:00.000,06:00 PM,4.22
BQE,nyccas,2026-09-29 19:00:00.000,07:00 PM,4.87
BQE,nyccas,2026-09-29 20:00:00.000,08:00 PM,4.59
BQE,nyccas,2026-09-29 21:00:00.000,09:00 PM,4.49
BQE,nyccas,2026-09-29 22:00:00.000,10:00 PM,4.2
BQE,nyccas,2026-09-29 23:00:00.000,11:00 PM,4.09
BQE,nyccas,2026-09-30 00:00:00.000,12:00 AM,3.43
BQE,nyccas,2026-09-30 01:00:00.000,01:00 AM,3.37
BQE,nyccas,2026-09-30 02:00:00.000,02:00 AM,3.38
BQE,nyccas,2026-09-30 03:00:00.000,03:00 AM,3.4
BQE,nyccas,2026-09-30 04:00:00.000,04:00 AM,3.47
BQE,nyccas,2026-09-30 05:00:00.000,05:00 AM,3.82
BQE,nyccas,2026-09-30 06:00:00.000,06:00 AM,4.63
BQE,nyccas,2026-09-30 07:00:00.000,07:00 AM,5.43
BQE,nyccas,2026-09-30 08:00:00.000,08:00 AM,5.04
BQE,nyccas,2026-09-30 09:00:00.000,09:00 AM,4.17
BQE,nyccas,2026-09-30 10:00:00.000,10:00 AM,4.27
BQE,nyccas,2026-09-30 11:00:00.000,11:00 AM,4.47
BQE,nyccas,2026-09-30 12:00:00.000,12:00 PM,6.22
BQE,nyccas,2026-09-30 13:00:00.000,01:00 PM,6.86
BQE,nyccas,2026-09-30 14:00:00.000,02:00 PM,6.42
BQE,nyccas,2026-09-30 15:00:00.000,03:00 PM,5.83
BQE,nyccas,2026-09-30 16:00:00.000,04:00 PM,6.11
BQE,nyccas,2026-09-30 17:00:00.000,05:00 PM,6.98
BQE,nyccas,2026-09-30 18:00:00.000,06:00 PM,7.86
BQE,nyccas,2026-09-30 19:00:00.000,07:00 PM,9.71
BQE,nyccas,2026-09-30 20:00:00.000,08:00 PM,8.7
BQE,nyccas,2026-09-30 21:00:00.000,09:00 PM,8.75
BQE,nyccas,2026-09-30 22:00:00.000,10:00 PM,9.93
BQE,nyccas,2026-09-30 23:00:00.000,11:00 PM,10.77
BQE,nyccas,2026-10-01 00:00:00.000,12:00 AM,8.64
BQE,nyccas,2026-10-01 01:00:00.000,01:00 AM,8.14
BQE,nyccas,2026-10-01 02:00:00.000,02:00 AM,7.35
BQE,nyccas,2026-10-01 03:00:00.000,03:00 AM,7.48
BQE,nyccas,2026-10-01 04:00:00.000,04:00 AM,7.1
BQE,nyccas,2026-10-01 05:00:00.000,05:00 AM,8.04
BQE,nyccas,2026-10-01 06:00:00.000,06:00 AM,9.27
BQE,nyccas,2026-10-01 07:00:00.000,07:00 AM,10.62
BQE,nyccas,2026-10-01 08:00:00.000,08:00 AM,12.87
BQE,nyccas,2026-10-01 09:00:00.000,09:00 AM,13.29
BQE,nyccas,2026-10-01 10:00:00.000,10:00 AM,13.74
BQE,nyccas,2026-10-01 11:00:00.000,11:00 AM,12.78
BQE,nyccas,2026-10-01 12:00:00.000,12:00 PM,13.72
BQE,nyccas,2026-10-01 13:00:00.000,01:00 PM,12.43
BQE,nyccas,2026-10-01 14:00:00.000,02:00 PM,11.3
BQE,nyccas,2026-10-01 15:00:00.000,03:00 PM,11.49
BQE,nyccas,2026-10-01 16:00:00.000,04:00 PM,12.76
BQE,nyccas,2026-10-01 17:00:00.000,05:00 PM,12.47
BQE,nyccas,2026-10-01 18:00:00.000,06:00 PM,12.88
BQE,nyccas,2026-10-01 19:00:00.000,07:00 PM,13.99
BQE,nyccas,2026-10-01 20:00:00.000,08:00 PM,15.22
BQE,nyccas,2026-10-01 21:00:00.000,09:00 PM,13.61
BQE,nyccas,2026-10-01 22:00:00.000,10:00 PM,11.5
BQE,nyccas,2026-10-01 23:00:00.000,11:00 PM,11.53
BQE,nyccas,2026-10-02 00:00:00.000,12:00 AM,12.03
BQE,nyccas,2026-10-02 01:00:00.000,01:00 AM,11.99
BQE,nyccas,2026-10-02 02:00:00.000,02:00 AM,13.01
BQE,nyccas,2026-10-02 03:00:00.000,03:00 AM,13.79
BQE,nyccas,2026-10-02 04:00:00.000,04:00 AM,14.27
BQE,nyccas,2026-10-02 05:00:00.000,05:00 AM,16.11
BQE,nyccas,2026-10-02 06:00:00.000,06:00 AM,16.45
BQE,nyccas,2026-10-02 07:00:00.000,07:00 AM,17.75
BQE,nyccas,2026-10-02 08:00:00.000,08:00 AM,17.57
BQE,nyccas,2026-10-02 09:00:00.000,09:00 AM,16.74
BQE,nyccas,2026-10-02 10:00:00.000,10:00 AM,15.1
BQE,nyccas,2026-10-02 11:00:00.000,11:00 AM,14.01
BQE,nyccas,2026-10-02 12:00:00.000,12:00 PM,14.52
BQE,nyccas,2026-10-02 13:00:00.000,01:00 PM,14.36
BQE,nyccas,2026-10-02 14:00:00.000,02:00 PM,14.53
BQE,nyccas,2026-10-02 15:00:00.000,03:00 PM,14.45
BQE,nyccas,2026-10-02 16:00:00.000,04:00 PM,13.62
BQE,nyccas,2026-10-02 17:00:00.000,05:00 PM,12.24
BQE,nyccas,2026-10-02 18:00:00.000,06:00 PM,14.08
BQE,nyccas,2026-10-02 19:00:00.000,07:00 PM,12.51
BQE,nyccas,2026-10-02 20:00:00.000,08:00 PM,5.33
BQE,nyccas,2026-10-02 21:00:00.000,09:00 PM,4.75
BQE,nyccas,2026-10-02 22:00:00.000,10:00 PM,3.86
BQE,nyccas,2026-10-02 23:00:00.000,11:00 PM,3.78
BQE,nyccas,2026-10-03 00:00:00.000,12:00 AM,3.51
BQE,nyccas,2026-10-03 01:00:00.000,01:00 AM,3.98
BQE,nyccas,2026-10-03 02:00:00.000,02:00 AM,4.9
BQE,nyccas,2026-10-03 03:00:00.000,03:00 AM,6.32
BQE,nyccas,2026-10-03 04:00:00.000,04:00 AM,4.71
BQE,nyccas,2026-10-03 05:00:00.000,05:00 AM,5.16
Broadway_35th_St,nyccas,2026-09-25 03:00:00.000,03:00 AM,3.58
Broadway_35th_St,nyccas,2026-09-25 04:00:00.000,04:00 AM,4.1
Broadway_35th_St,nyccas,2026-09-25 05:00:00.000,05:00 AM,4.42
Broadway_35th_St,nyccas,2026-09-25 06:00:00.000,06:00 AM,4.98
Broadway_35th_St,nyccas,2026-09-25 07:00:00.000,07:00 AM,6.22
Broadway_35th_St,nyccas,2026-09-25 08:00:00.000,08:00 AM,6.57
Broadway_35th_St,nyccas,2026-09-25 09:00:00.000,09:00 AM,6.26
Broadway_35th_St,nyccas,2026-09-25 10:00:00.000,10:00 AM,6.44
Broadway_35th_St,nyccas,2026-09-25 11:00:00.000,11:00 AM,7.57
Broadway_35th_St,nyccas,2026-09-25 12:00:00.000,12:00 PM,7.36
Broadway_35th_St,nyccas,2026-09-25 13:00:00.000,01:00 PM,7.46
Broadway_35th_St,nyccas,2026-09-25 14:00:00.000,02:00 PM,7.11
Broadway_35th_St,nyccas,2026-09-25 15:00:00.000,03:00 PM,7.8
Broadway_35th_St,nyccas,2026-09-25 16:00:00.000,04:00 PM,8.07
Broadway_35th_St,nyccas,2026-09-25 17:00:00.000,05:00 PM,6.91
Broadway_35th_St,nyccas,2026-09-25 18:00:00.000,06:00 PM,7.31
Broadway_35th_St,nyccas,2026-09-25 19:00:00.000,07:00 PM,6.93
Broadway_35th_St,nyccas,2026-09-25 20:00:00.000,08:00 PM,7.14
Broadway_35th_St,nyccas,2026-09-25 21:00:00.000,09:00 PM,6.96
Broadway_35th_St,nyccas,2026-09-25 22:00:00.000,10:00 PM,4.71
Broadway_35th_St,nyccas,2026-09-25 23:00:00.000,11:00 PM,3.57
Broadway_35th_St,nyccas,2026-09-26 00:00:00.000,12:00 AM,4.36
Broadway_35th_St,nyccas,2026-09-26 01:00:00.000,01:00 AM,4.86
Broadway_35th_St,nyccas,2026-09-26 02:00:00.000,02:00 AM,4.73
Broadway_35th_St,nyccas,2026-09-26 03:00:00.000,03:00 AM,3.85
Broadway_35th_St,nyccas,2026-09-26 04:00:00.000,04:00 AM,3.65
Broadway_35th_St,nyccas,2026-09-26 05:00:00.000,05:00 AM,3.93
Broadway_35th_St,nyccas,2026-09-26 06:00:00.000,06:00 AM,4.1
Broadway_35th_St,nyccas,2026-09-26 07:00:00.000,07:00 AM,4.11
Broadway_35th_St,nyccas,2026-09-26 08:00:00.000,08:00 AM,4.78
Broadway_35th_St,nyccas,2026-09-26 09:00:00.000,09:00 AM,5.22
Broadway_35th_St,nyccas,2026-09-26 10:00:00.000,10:00 AM,6.24
Broadway_35th_St,nyccas,2026-09-26 11:00:00.000,11:00 AM,7.07
Broadway_35th_St,nyccas,2026-09-26 12:00:00.000,12:00 PM,6.18
Broadway_35th_St,nyccas,2026-09-26 13:00:00.000,01:00 PM,7.52
Broadway_35th_St,nyccas,2026-09-26 14:00:00.000,02:00 PM,7.02
Broadway_35th_St,nyccas,2026-09-26 15:00:00.000,03:00 PM,8.09
Broadway_35th_St,nyccas,2026-09-26 16:00:00.000,04:00 PM,6.56
Broadway_35th_St,nyccas,2026-09-26 17:00:00.000,05:00 PM,6.59
Broadway_35th_St,nyccas,2026-09-26 18:00:00.000,06:00 PM,6.7
Broadway_35th_St,nyccas,2026-09-26 19:00:00.000,07:00 PM,6.11
Broadway_35th_St,nyccas,2026-09-26 20:00:00.000,08:00 PM,7.38
Broadway_35th_St,nyccas,2026-09-26 21:00:00.000,09:00 PM,6.64
Broadway_35th_St,nyccas,2026-09-26 22:00:00.000,10:00 PM,5.53
Broadway_35th_St,nyccas,2026-09-26 23:00:00.000,11:00 PM,5.75
Broadway_35th_St,nyccas,2026-09-27 00:00:00.000,12:00 AM,4.49
Broadway_35th_St,nyccas,2026-09-27 01:00:00.000,01:00 AM,4.32
Broadway_35th_St,nyccas,2026-09-27 02:00:00.000,02:00 AM,4.13
Broadway_35th_St,nyccas,2026-09-27 03:00:00.000,03:00 AM,3.6
Broadway_35th_St,nyccas,2026-09-27 04:00:00.000,04:00 AM,2.94
Broadway_35th_St,nyccas,2026-09-27 05:00:00.000,05:00 AM,2.92
Broadway_35th_St,nyccas,2026-09-27 06:00:00.000,06:00 AM,2.46
Broadway_35th_St,nyccas,2026-09-27 07:00:00.000,07:00 AM,2.54
Broadway_35th_St,nyccas,2026-09-27 08:00:00.000,08:00 AM,2.22
Broadway_35th_St,nyccas,2026-09-27 09:00:00.000,09:00 AM,2.5
Broadway_35th_St,nyccas,2026-09-27 10:00:00.000,10:00 AM,2.7
Broadway_35th_St,nyccas,2026-09-27 11:00:00.000,11:00 AM,3.06
Broadway_35th_St,nyccas,2026-09-27 12:00:00.000,12:00 PM,2.97
Broadway_35th_St,nyccas,2026-09-27 13:00:00.000,01:00 PM,5.62
Broadway_35th_St,nyccas,2026-09-27 14:00:00.000,02:00 PM,7.3
Broadway_35th_St,nyccas,2026-09-27 15:00:00.000,03:00 PM,6.93
Broadway_35th_St,nyccas,2026-09-27 16:00:00.000,04:00 PM,3.63
Broadway_35th_St,nyccas,2026-09-27 17:00:00.000,05:00 PM,3.41
Broadway_35th_St,nyccas,2026-09-27 18:00:00.000,06:00 PM,3.6
Broadway_35th_St,nyccas,2026-09-27 19:00:00.000,07:00 PM,5.53
Broadway_35th_St,nyccas,2026-09-27 20:00:00.000,08:00 PM,5.97
Broadway_35th_St,nyccas,2026-09-27 21:00:00.000,09:00 PM,4.62
Broadway_35th_St,nyccas,2026-09-27 22:00:00.000,10:00 PM,3.65
Broadway_35th_St,nyccas,2026-09-27 23:00:00.000,11:00 PM,2.42
Broadway_35th_St,nyccas,2026-09-28 00:00:00.000,12:00 AM,2.46
Broadway_35th_St,nyccas,2026-09-28 01:00:00.000,01:00 AM,2.22
Broadway_35th_St,nyccas,2026-09-28 02:00:00.000,02:00 AM,2.21
Broadway_35th_St,nyccas,2026-09-28 03:00:00.000,03:00 AM,2.19
Broadway_35th_St,nyccas,2026-09-28 04:00:00.000,04:00 AM,2.33
Broadway_35th_St,nyccas,2026-09-28 05:00:00.000,05:00 AM,2.58
Broadway_35th_St,nyccas,2026-09-28 06:00:00.000,06:00 AM,2.65
Broadway_35th_St,nyccas,2026-09-28 07:00:00.000,07:00 AM,3.44
Broadway_35th_St,nyccas,2026-09-28 08:00:00.000,08:00 AM,4.64
Broadway_35th_St,nyccas,2026-09-28 09:00:00.000,09:00 AM,5.06
Broadway_35th_St,nyccas,2026-09-28 10:00:00.000,10:00 AM,4.23
Broadway_35th_St,nyccas,2026-09-28 11:00:00.000,11:00 AM,4.34
Broadway_35th_St,nyccas,2026-09-28 12:00:00.000,12:00 PM,5.39
Broadway_35th_St,nyccas,2026-09-28 13:00:00.000,01:00 PM,6.35
Broadway_35th_St,nyccas,2026-09-28 14:00:00.000,02:00 PM,6.88
Broadway_35th_St,nyccas,2026-09-28 15:00:00.000,03:00 PM,6.72
Broadway_35th_St,nyccas,2026-09-28 16:00:00.000,04:00 PM,7.58
Broadway_35th_St,nyccas,2026-09-28 17:00:00.000,05:00 PM,6.72
Broadway_35th_St,nyccas,2026-09-28 18:00:00.000,06:00 PM,7.03
Broadway_35th_St,nyccas,2026-09-28 19:00:00.000,07:00 PM,6.14
Broadway_35th_St,nyccas,2026-09-28 20:00:00.000,08:00 PM,5.8
Broadway_35th_St,nyccas,2026-09-28 21:00:00.000,09:00 PM,5.18
Broadway_35th_St,nyccas,2026-09-28 22:00:00.000,10:00 PM,4.1
Broadway_35th_St,nyccas,2026-09-28 23:00:00.000,11:00 PM,2.98
Broadway_35th_St,nyccas,2026-09-29 00:00:00.000,12:00 AM,3.54
Broadway_35th_St,nyccas,2026-09-29 01:00:00.000,01:00 AM,3.01
Broadway_35th_St,nyccas,2026-09-29 02:00:00.000,02:00 AM,2.87
Broadway_35th_St,nyccas,2026-09-29 03:00:00.000,03:00 AM,3.12
Broadway_35th_St,nyccas,2026-09-29 04:00:00.000,04:00 AM,3.59
Broadway_35th_St,nyccas,2026-09-29 05:00:00.000,05:00 AM,4.72
Broadway_35th_St,nyccas,2026-09-29 06:00:00.000,06:00 AM,5.8
Broadway_35th_St,nyccas,2026-09-29 07:00:00.000,07:00 AM,5.75
Broadway_35th_St,nyccas,2026-09-29 08:00:00.000,08:00 AM,6.05
Broadway_35th_St,nyccas,2026-09-29 09:00:00.000,09:00 AM,5.88
Broadway_35th_St,nyccas,2026-09-29 10:00:00.000,10:00 AM,6.25
Broadway_35th_St,nyccas,2026-09-29 11:00:00.000,11:00 AM,6.5
Broadway_35th_St,nyccas,2026-09-29 12:00:00.000,12:00 PM,5.19
Broadway_35th_St,nyccas,2026-09-29 13:00:00.000,01:00 PM,5.41
Broadway_35th_St,nyccas,2026-09-29 14:00:00.000,02:00 PM,4.95
Broadway_35th_St,nyccas,2026-09-29 15:00:00.000,03:00 PM,5.69
Broadway_35th_St,nyccas,2026-09-29 16:00:00.000,04:00 PM,4.52
Broadway_35th_St,nyccas,2026-09-29 17:00:00.000,05:00 PM,4.77
Broadway_35th_St,nyccas,2026-09-29 18:00:00.000,06:00 PM,4.76
Broadway_35th_St,nyccas,2026-09-29 19:00:00.000,07:00 PM,5.99
Broadway_35th_St,nyccas,2026-09-29 20:00:00.000,08:00 PM,5.6
Broadway_35th_St,nyccas,2026-09-29 21:00:00.000,09:00 PM,4.41
Broadway_35th_St,nyccas,2026-09-29 22:00:00.000,10:00 PM,3.98
Broadway_35th_St,nyccas,2026-09-29 23:00:00.000,11:00 PM,4.21
Broadway_35th_St,nyccas,2026-09-30 00:00:00.000,12:00 AM,3.42
Broadway_35th_St,nyccas,2026-09-30 01:00:00.000,01:00 AM,3.05
Broadway_35th_St,nyccas,2026-09-30 02:00:00.000,02:00 AM,3.4
Broadway_35th_St,nyccas,2026-09-30 03:00:00.000,03:00 AM,2.94
Broadway_35th_St,nyccas,2026-09-30 04:00:00.000,04:00 AM,3.02
Broadway_35th_St,nyccas,2026-09-30 05:00:00.000,05:00 AM,3.57
Broadway_35th_St,nyccas,2026-09-30 06:00:00.000,06:00 AM,3.85
Broadway_35th_St,nyccas,2026-09-30 07:00:00.000,07:00 AM,4.78
Broadway_35th_St,nyccas,2026-09-30 08:00:00.000,08:00 AM,6.12
Broadway_35th_St,nyccas,2026-09-30 09:00:00.000,09:00 AM,5.3
Broadway_35th_St,nyccas,2026-09-30 10:00:00.000,10:00 AM,5.29
Broadway_35th_St,nyccas,2026-09-30 11:00:00.000,11:00 AM,6.35
Broadway_35th_St,nyccas,2026-09-30 12:00:00.000,12:00 PM,8.54
Broadway_35th_St,nyccas,2026-09-30 13:00:00.000,01:00 PM,10.2
Broadway_35th_St,nyccas,2026-09-30 14:00:00.000,02:00 PM,10.56
Broadway_35th_St,nyccas,2026-09-30 15:00:00.000,03:00 PM,9.46
Broadway_35th_St,nyccas,2026-09-30 16:00:00.000,04:00 PM,7.19
Broadway_35th_St,nyccas,2026-09-30 17:00:00.000,05:00 PM,6.73
Broadway_35th_St,nyccas,2026-09-30 18:00:00.000,06:00 PM,8.9
Broadway_35th_St,nyccas,2026-09-30 19:00:00.000,07:00 PM,9.3
Broadway_35th_St,nyccas,2026-09-30 20:00:00.000,08:00 PM,10.98
Broadway_35th_St,nyccas,2026-09-30 21:00:00.000,09:00 PM,9.89
Broadway_35th_St,nyccas,2026-09-30 22:00:00.000,10:00 PM,9.71
Broadway_35th_St,nyccas,2026-09-30 23:00:00.000,11:00 PM,9.76
Broadway_35th_St,nyccas,2026-10-01 00:00:00.000,12:00 AM,8.73
Broadway_35th_St,nyccas,2026-10-01 01:00:00.000,01:00 AM,8.03
Broadway_35th_St,nyccas,2026-10-01 02:00:00.000,02:00 AM,6.89
Broadway_35th_St,nyccas,2026-10-01 03:00:00.000,03:00 AM,6.47
Broadway_35th_St,nyccas,2026-10-01 04:00:00.000,04:00 AM,7.12
Broadway_35th_St,nyccas,2026-10-01 05:00:00.000,05:00 AM,8.34
Broadway_35th_St,nyccas,2026-10-01 06:00:00.000,06:00 AM,8.83
Broadway_35th_St,nyccas,2026-10-01 07:00:00.000,07:00 AM,10.46
Broadway_35th_St,nyccas,2026-10-01 08:00:00.000,08:00 AM,11.56
Broadway_35th_St,nyccas,2026-10-01 09:00:00.000,09:00 AM,13.47
Broadway_35th_St,nyccas,2026-10-01 10:00:00.000,10:00 AM,13.87
Broadway_35th_St,nyccas,2026-10-01 11:00:00.000,11:00 AM,14.71
Broadway_35th_St,nyccas,2026-10-01 12:00:00.000,12:00 PM,14.45
Broadway_35th_St,nyccas,2026-10-01 13:00:00.000,01:00 PM,14.22
Broadway_35th_St,nyccas,2026-10-01 14:00:00.000,02:00 PM,12.33
Broadway_35th_St,nyccas,2026-10-01 15:00:00.000,03:00 PM,13.72
Broadway_35th_St,nyccas,2026-10-01 16:00:00.000,04:00 PM,11.04
Broadway_35th_St,nyccas,2026-10-01 17:00:00.000,05:00 PM,12.27
Broadway_35th_St,nyccas,2026-10-01 18:00:00.000,06:00 PM,14.22
Broadway_35th_St,nyccas,2026-10-01 19:00:00.000,07:00 PM,16.62
Broadway_35th_St,nyccas,2026-10-01 20:00:00.000,08:00 PM,11.11
Broadway_35th_St,nyccas,2026-10-01 21:00:00.000,09:00 PM,10.03
Broadway_35th_St,nyccas,2026-10-01 22:00:00.000,10:00 PM,10.02
Broadway_35th_St,nyccas,2026-10-01 23:00:00.000,11:00 PM,9.91
Broadway_35th_St,nyccas,2026-10-02 00:00:00.000,12:00 AM,10.27
Broadway_35th_St,nyccas,2026-10-02 01:00:00.000,01:00 AM,9.68
Broadway_35th_St,nyccas,2026-10-02 02:00:00.000,02:00 AM,9.78
Broadway_35th_St,nyccas,2026-10-02 03:00:00.000,03:00 AM,10.19
Broadway_35th_St,nyccas,2026-10-02 04:00:00.000,04:00 AM,11.15
Broadway_35th_St,nyccas,2026-10-02 05:00:00.000,05:00 AM,12.75
Broadway_35th_St,nyccas,2026-10-02 06:00:00.000,06:00 AM,13.15
Broadway_35th_St,nyccas,2026-10-02 07:00:00.000,07:00 AM,13.47
Broadway_35th_St,nyccas,2026-10-02 08:00:00.000,08:00 AM,16.91
Broadway_35th_St,nyccas,2026-10-02 09:00:00.000,09:00 AM,18.92
Broadway_35th_St,nyccas,2026-10-02 10:00:00.000,10:00 AM,17.69
Broadway_35th_St,nyccas,2026-10-02 11:00:00.000,11:00 AM,15.18
Broadway_35th_St,nyccas,2026-10-02 12:00:00.000,12:00 PM,14.16
Broadway_35th_St,nyccas,2026-10-02 13:00:00.000,01:00 PM,15.18
Broadway_35th_St,nyccas,2026-10-02 14:00:00.000,02:00 PM,14.13
Broadway_35th_St,nyccas,2026-10-02 15:00:00.000,03:00 PM,14.12
Broadway_35th_St,nyccas,2026-10-02 16:00:00.000,04:00 PM,12.02
Broadway_35th_St,nyccas,2026-10-02 17:00:00.000,05:00 PM,11.88
Broadway_35th_St,nyccas,2026-10-02 18:00:00.000,06:00 PM,13.64
Broadway_35th_St,nyccas,2026-10-02 19:00:00.000,07:00 PM,10.97
Broadway_35th_St,nyccas,2026-10-02 20:00:00.000,08:00 PM,7.47
Broadway_35th_St,nyccas,2026-10-02 21:00:00.000,09:00 PM,5.62
Broadway_35th_St,nyccas,2026-10-02 22:00:00.000,10:00 PM,3.44
Broadway_35th_St,nyccas,2026-10-02 23:00:00.000,11:00 PM,2.72
Broadway_35th_St,nyccas,2026-10-03 00:00:00.000,12:00 AM,3.93
Broadway_35th_St,nyccas,2026-10-03 01:00:00.000,01:00 AM,3.59
Broadway_35th_St,nyccas,2026-10-03 02:00:00.000,02:00 AM,3.4
Broadway_35th_St,nyccas,2026-10-03 03:00:00.000,03:00 AM,3.29
Broadway_35th_St,nyccas,2026-10-03 04:00:00.000,04:00 AM,5.13
Broadway_35th_St,nyccas,2026-10-03 05:00:00.000,05:00 AM,5.01
Cross_Bronx_Expy,nyccas,2026-09-25 03:00:00.000,03:00 AM,3.67
Cross_Bronx_Expy,nyccas,2026-09-25 04:00:00.000,04:00 AM,3.76
Cross_Bronx_Expy,nyccas,2026-09-25 05:00:00.000,05:00 AM,4.18
Cross_Bronx_Expy,nyccas,2026-09-25 06:00:00.000,06:00 AM,4.67
Cross_Bronx_Expy,nyccas,2026-09-25 07:00:00.000,07:00 AM,5.03
Cross_Bronx_Expy,nyccas,2026-09-25 08:00:00.000,08:00 AM,5.32
Cross_Bronx_Expy,nyccas,2026-09-25 09:00:00.000,09:00 AM,4.77
Cross_Bronx_Expy,nyccas,2026-09-25 10:00:00.000,10:00 AM,4.86
Cross_Bronx_Expy,nyccas,2026-09-25 11:00:00.000,11:00 AM,4.65
Cross_Bronx_Expy,nyccas,2026-09-25 12:00:00.000,12:00 PM,3.98
Cross_Bronx_Expy,nyccas,2026-09-25 13:00:00.000,01:00 PM,3.52
Cross_Bronx_Expy,nyccas,2026-09-25 14:00:00.000,02:00 PM,4.17
Cross_Bronx_Expy,nyccas,2026-09-25 15:00:00.000,03:00 PM,4.17
Cross_Bronx_Expy,nyccas,2026-09-25 16:00:00.000,04:00 PM,4.35
Cross_Bronx_Expy,nyccas,2026-09-25 17:00:00.000,05:00 PM,4.35
Cross_Bronx_Expy,nyccas,2026-09-25 18:00:00.000,06:00 PM,5.51
Cross_Bronx_Expy,nyccas,2026-09-25 19:00:00.000,07:00 PM,5.23
Cross_Bronx_Expy,nyccas,2026-09-25 20:00:00.000,08:00 PM,5.5
Cross_Bronx_Expy,nyccas,2026-09-25 21:00:00.000,09:00 PM,4.83
Cross_Bronx_Expy,nyccas,2026-09-25 22:00:00.000,10:00 PM,4.55
Cross_Bronx_Expy,nyccas,2026-09-25 23:00:00.000,11:00 PM,4.64
Cross_Bronx_Expy,nyccas,2026-09-26 00:00:00.000,12:00 AM,4.77
Cross_Bronx_Expy,nyccas,2026-09-26 01:00:00.000,01:00 AM,4.57
Cross_Bronx_Expy,nyccas,2026-09-26 02:00:00.000,02:00 AM,4.54
Cross_Bronx_Expy,nyccas,2026-09-26 03:00:00.000,03:00 AM,5.26
Cross_Bronx_Expy,nyccas,2026-09-26 04:00:00.000,04:00 AM,4.86
Cross_Bronx_Expy,nyccas,2026-09-26 05:00:00.000,05:00 AM,4.83
Cross_Bronx_Expy,nyccas,2026-09-26 06:00:00.000,06:00 AM,4.55
Cross_Bronx_Expy,nyccas,2026-09-26 07:00:00.000,07:00 AM,4.93
Cross_Bronx_Expy,nyccas,2026-09-26 08:00:00.000,08:00 AM,4.97
Cross_Bronx_Expy,nyccas,2026-09-26 09:00:00.000,09:00 AM,5.48
Cross_Bronx_Expy,nyccas,2026-09-26 10:00:00.000,10:00 AM,4.99
Cross_Bronx_Expy,nyccas,2026-09-26 11:00:00.000,11:00 AM,5.0
Cross_Bronx_Expy,nyccas,2026-09-26 12:00:00.000,12:00 PM,4.88
Cross_Bronx_Expy,nyccas,2026-09-26 13:00:00.000,01:00 PM,4.5
Cross_Bronx_Expy,nyccas,2026-09-26 14:00:00.000,02:00 PM,4.15
Cross_Bronx_Expy,nyccas,2026-09-26 15:00:00.000,03:00 PM,4.87
Cross_Bronx_Expy,nyccas,2026-09-26 16:00:00.000,04:00 PM,4.95
Cross_Bronx_Expy,nyccas,2026-09-26 17:00:00.000,05:00 PM,4.89
Cross_Bronx_Expy,nyccas,2026-09-26 18:00:00.000,06:00 PM,5.85
Cross_Bronx_Expy,nyccas,2026-09-26 19:00:00.000,07:00 PM,6.48
Cross_Bronx_Expy,nyccas,2026-09-26 20:00:00.000,08:00 PM,5.85
Cross_Bronx_Expy,nyccas,2026-09-26 21:00:00.000,09:00 PM,5.4
Cross_Bronx_Expy,nyccas,2026-09-26 22:00:00.000,10:00 PM,5.3
Cross_Bronx_Expy,nyccas,2026-09-26 23:00:00.000,11:00 PM,5.29
Cross_Bronx_Expy,nyccas,2026-09-27 00:00:00.000,12:00 AM,4.19
Cross_Bronx_Expy,nyccas,2026-09-27 01:00:00.000,01:00 AM,3.79
Cross_Bronx_Expy,nyccas,2026-09-27 02:00:00.000,02:00 AM,3.61
Cross_Bronx_Expy,nyccas,2026-09-27 03:00:00.000,03:00 AM,3.12
Cross_Bronx_Expy,nyccas,2026-09-27 04:00:00.000,04:00 AM,2.53
Cross_Bronx_Expy,nyccas,2026-09-27 05:00:00.000,05:00 AM,2.42
Cross_Bronx_Expy,nyccas,2026-09-27 06:00:00.000,06:00 AM,2.54
Cross_Bronx_Expy,nyccas,2026-09-27 07:00:00.000,07:00 AM,2.21
Cross_Bronx_Expy,nyccas,2026-09-27 08:00:00.000,08:00 AM,2.19
Cross_Bronx_Expy,nyccas,2026-09-27 09:00:00.000,09:00 AM,2.2
Cross_Bronx_Expy,nyccas,2026-09-27 10:00:00.000,10:00 AM,2.21
Cross_Bronx_Expy,nyccas,2026-09-27 11:00:00.000,11:00 AM,2.22
Cross_Bronx_Expy,nyccas,2026-09-27 12:00:00.000,12:00 PM,2.21
Cross_Bronx_Expy,nyccas,2026-09-27 13:00:00.000,01:00 PM,2.44
Cross_Bronx_Expy,nyccas,2026-09-27 14:00:00.000,02:00 PM,2.3
Cross_Bronx_Expy,nyccas,2026-09-27 15:00:00.000,03:00 PM,2.38
Cross_Bronx_Expy,nyccas,2026-09-27 16:00:00.000,04:00 PM,2.45
Cross_Bronx_Expy,nyccas,2026-09-27 17:00:00.000,05:00 PM,4.37
Cross_Bronx_Expy,nyccas,2026-09-27 18:00:00.000,06:00 PM,3.43
Cross_Bronx_Expy,nyccas,2026-09-27 19:00:00.000,07:00 PM,3.56
Cross_Bronx_Expy,nyccas,2026-09-27 20:00:00.000,08:00 PM,3.52
Cross_Bronx_Expy,nyccas,2026-09-27 21:00:00.000,09:00 PM,3.34
Cross_Bronx_Expy,nyccas,2026-09-27 22:00:00.000,10:00 PM,3.17
Cross_Bronx_Expy,nyccas,2026-09-27 23:00:00.000,11:00 PM,2.78
Cross_Bronx_Expy,nyccas,2026-09-28 00:00:00.000,12:00 AM,2.63
Cross_Bronx_Expy,nyccas,2026-09-28 01:00:00.000,01:00 AM,2.63
Cross_Bronx_Expy,nyccas,2026-09-28 02:00:00.000,02:00 AM,2.4
Cross_Bronx_Expy,nyccas,2026-09-28 03:00:00.000,03:00 AM,2.43
Cross_Bronx_Expy,nyccas,2026-09-28 04:00:00.000,04:00 AM,2.48
Cross_Bronx_Expy,nyccas,2026-09-28 05:00:00.000,05:00 AM,2.6
Cross_Bronx_Expy,nyccas,2026-09-28 06:00:00.000,06:00 AM,3.01
Cross_Bronx_Expy,nyccas,2026-09-28 07:00:00.000,07:00 AM,3.18
Cross_Bronx_Expy,nyccas,2026-09-28 08:00:00.000,08:00 AM,3.15
Cross_Bronx_Expy,nyccas,2026-09-28 09:00:00.000,09:00 AM,3.34
Cross_Bronx_Expy,nyccas,2026-09-28 10:00:00.000,10:00 AM,2.94
Cross_Bronx_Expy,nyccas,2026-09-28 11:00:00.000,11:00 AM,2.84
Cross_Bronx_Expy,nyccas,2026-09-28 12:00:00.000,12:00 PM,2.62
Cross_Bronx_Expy,nyccas,2026-09-28 13:00:00.000,01:00 PM,2.32
Cross_Bronx_Expy,nyccas,2026-09-28 14:00:00.000,02:00 PM,2.6
Cross_Bronx_Expy,nyccas,2026-09-28 15:00:00.000,03:00 PM,2.83
Cross_Bronx_Expy,nyccas,2026-09-28 16:00:00.000,04:00 PM,2.61
Cross_Bronx_Expy,nyccas,2026-09-28 17:00:00.000,05:00 PM,3.01
Cross_Bronx_Expy,nyccas,2026-09-28 18:00:00.000,06:00 PM,3.09
Cross_Bronx_Expy,nyccas,2026-09-28 19:00:00.000,07:00 PM,3.42
Cross_Bronx_Expy,nyccas,2026-09-28 20:00:00.000,08:00 PM,4.19
Cross_Bronx_Expy,nyccas,2026-09-28 21:00:00.000,09:00 PM,3.99
Cross_Bronx_Expy,nyccas,2026-09-28 22:00:00.000,10:00 PM,3.95
Cross_Bronx_Expy,nyccas,2026-09-28 23:00:00.000,11:00 PM,4.86
Cross_Bronx_Expy,nyccas,2026-09-29 00:00:00.000,12:00 AM,4.15
Cross_Bronx_Expy,nyccas,2026-09-29 01:00:00.000,01:00 AM,4.95
Cross_Bronx_Expy,nyccas,2026-09-29 02:00:00.000,02:00 AM,4.33
Cross_Bronx_Expy,nyccas,2026-09-29 03:00:00.000,03:00 AM,4.52
Cross_Bronx_Expy,nyccas,2026-09-29 04:00:00.000,04:00 AM,5.09
Cross_Bronx_Expy,nyccas,2026-09-29 05:00:00.000,05:00 AM,6.34
Cross_Bronx_Expy,nyccas,2026-09-29 06:00:00.000,06:00 AM,6.65
Cross_Bronx_Expy,nyccas,2026-09-29 07:00:00.000,07:00 AM,4.88
Cross_Bronx_Expy,nyccas,2026-09-29 08:00:00.000,08:00 AM,4.99
Cross_Bronx_Expy,nyccas,2026-09-29 09:00:00.000,09:00 AM,4.89
Cross_Bronx_Expy,nyccas,2026-09-29 10:00:00.000,10:00 AM,3.65
Cross_Bronx_Expy,nyccas,2026-09-29 11:00:00.000,11:00 AM,3.84
Cross_Bronx_Expy,nyccas,2026-09-29 12:00:00.000,12:00 PM,3.62
Cross_Bronx_Expy,nyccas,2026-09-29 13:00:00.000,01:00 PM,3.87
Cross_Bronx_Expy,nyccas,2026-09-29 14:00:00.000,02:00 PM,3.72
Cross_Bronx_Expy,nyccas,2026-09-29 15:00:00.000,03:00 PM,4.46
Cross_Bronx_Expy,nyccas,2026-09-29 16:00:00.000,04:00 PM,4.38
Cross_Bronx_Expy,nyccas,2026-09-29 17:00:00.000,05:00 PM,4.37
Cross_Bronx_Expy,nyccas,2026-09-29 18:00:00.000,06:00 PM,4.86
Cross_Bronx_Expy,nyccas,2026-09-29 19:00:00.000,07:00 PM,5.46
Cross_Bronx_Expy,nyccas,2026-09-29 20:00:00.000,08:00 PM,5.01
Cross_Bronx_Expy,nyccas,2026-09-29 21:00:00.000,09:00 PM,5.24
Cross_Bronx_Expy,nyccas,2026-09-29 22:00:00.000,10:00 PM,5.0
Cross_Bronx_Expy,nyccas,2026-09-29 23:00:00.000,11:00 PM,4.38
Cross_Bronx_Expy,nyccas,2026-09-30 00:00:00.000,12:00 AM,4.21
Cross_Bronx_Expy,nyccas,2026-09-30 01:00:00.000,01:00 AM,3.9
Cross_Bronx_Expy,nyccas,2026-09-30 02:00:00.000,02:00 AM,3.8
Cross_Bronx_Expy,nyccas,2026-09-30 03:00:00.000,03:00 AM,3.75
Cross_Bronx_Expy,nyccas,2026-09-30 04:00:00.000,04:00 AM,3.91
Cross_Bronx_Expy,nyccas,2026-09-30 05:00:00.000,05:00 AM,4.23
Cross_Bronx_Expy,nyccas,2026-09-30 06:00:00.000,06:00 AM,4.22
Cross_Bronx_Expy,nyccas,2026-09-30 07:00:00.000,07:00 AM,4.86
Cross_Bronx_Expy,nyccas,2026-09-30 08:00:00.000,08:00 AM,4.6
Cross_Bronx_Expy,nyccas,2026-09-30 09:00:00.000,09:00 AM,4.04
Cross_Bronx_Expy,nyccas,2026-09-30 10:00:00.000,10:00 AM,3.93
Cross_Bronx_Expy,nyccas,2026-09-30 11:00:00.000,11:00 AM,3.97
Cross_Bronx_Expy,nyccas,2026-09-30 12:00:00.000,12:00 PM,4.28
Cross_Bronx_Expy,nyccas,2026-09-30 13:00:00.000,01:00 PM,5.67
Cross_Bronx_Expy,nyccas,2026-09-30 14:00:00.000,02:00 PM,6.8
Cross_Bronx_Expy,nyccas,2026-09-30 15:00:00.000,03:00 PM,20.32
Cross_Bronx_Expy,nyccas,2026-09-30 16:00:00.000,04:00 PM,6.83
Cross_Bronx_Expy,nyccas,2026-09-30 17:00:00.000,05:00 PM,7.14
Cross_Bronx_Expy,nyccas,2026-09-30 18:00:00.000,06:00 PM,8.47
Cross_Bronx_Expy,nyccas,2026-09-30 19:00:00.000,07:00 PM,10.4
Cross_Bronx_Expy,nyccas,2026-09-30 20:00:00.000,08:00 PM,12.42
Cross_Bronx_Expy,nyccas,2026-09-30 21:00:00.000,09:00 PM,13.0
Cross_Bronx_Expy,nyccas,2026-09-30 22:00:00.000,10:00 PM,9.88
Cross_Bronx_Expy,nyccas,2026-09-30 23:00:00.000,11:00 PM,9.96
Cross_Bronx_Expy,nyccas,2026-10-01 00:00:00.000,12:00 AM,11.7
Cross_Bronx_Expy,nyccas,2026-10-01 01:00:00.000,01:00 AM,13.74
Cross_Bronx_Expy,nyccas,2026-10-01 02:00:00.000,02:00 AM,10.02
Cross_Bronx_Expy,nyccas,2026-10-01 03:00:00.000,03:00 AM,8.52
Cross_Bronx_Expy,nyccas,2026-10-01 04:00:00.000,04:00 AM,9.11
Cross_Bronx_Expy,nyccas,2026-10-01 05:00:00.000,05:00 AM,11.04
Cross_Bronx_Expy,nyccas,2026-10-01 06:00:00.000,06:00 AM,9.96
Cross_Bronx_Expy,nyccas,2026-10-01 07:00:00.000,07:00 AM,10.7
Cross_Bronx_Expy,nyccas,2026-10-01 08:00:00.000,08:00 AM,12.62
Cross_Bronx_Expy,nyccas,2026-10-01 09:00:00.000,09:00 AM,14.79
Cross_Bronx_Expy,nyccas,2026-10-01 10:00:00.000,10:00 AM,16.17
Cross_Bronx_Expy,nyccas,2026-10-01 11:00:00.000,11:00 AM,15.25
Cross_Bronx_Expy,nyccas,2026-10-01 12:00:00.000,12:00 PM,14.1
Cross_Bronx_Expy,nyccas,2026-10-01 13:00:00.000,01:00 PM,12.46
Cross_Bronx_Expy,nyccas,2026-10-01 14:00:00.000,02:00 PM,12.49
Cross_Bronx_Expy,nyccas,2026-10-01 15:00:00.000,03:00 PM,13.6
Cross_Bronx_Expy,nyccas,2026-10-01 16:00:00.000,04:00 PM,13.78
Cross_Bronx_Expy,nyccas,2026-10-01 17:00:00.000,05:00 PM,14.04
Cross_Bronx_Expy,nyccas,2026-10-01 18:00:00.000,06:00 PM,12.99
Cross_Bronx_Expy,nyccas,2026-10-01 19:00:00.000,07:00 PM,15.2
Cross_Bronx_Expy,nyccas,2026-10-01 20:00:00.000,08:00 PM,19.06
Cross_Bronx_Expy,nyccas,2026-10-01 21:00:00.000,09:00 PM,18.9
Cross_Bronx_Expy,nyccas,2026-10-01 22:00:00.000,10:00 PM,16.65
Cross_Bronx_Expy,nyccas,2026-10-01 23:00:00.000,11:00 PM,12.4
Cross_Bronx_Expy,nyccas,2026-10-02 00:00:00.000,12:00 AM,12.99
Cross_Bronx_Expy,nyccas,2026-10-02 01:00:00.000,01:00 AM,13.18
Cross_Bronx_Expy,nyccas,2026-10-02 02:00:00.000,02:00 AM,14.18
Cross_Bronx_Expy,nyccas,2026-10-02 03:00:00.000,03:00 AM,14.62
Cross_Bronx_Expy,nyccas,2026-10-02 04:00:00.000,04:00 AM,15.8
Cross_Bronx_Expy,nyccas,2026-10-02 05:00:00.000,05:00 AM,16.65
Cross_Bronx_Expy,nyccas,2026-10-02 06:00:00.000,06:00 AM,17.08
Cross_Bronx_Expy,nyccas,2026-10-02 07:00:00.000,07:00 AM,17.66
Cross_Bronx_Expy,nyccas,2026-10-02 08:00:00.000,08:00 AM,18.87
Cross_Bronx_Expy,nyccas,2026-10-02 09:00:00.000,09:00 AM,19.47
Cross_Bronx_Expy,nyccas,2026-10-02 10:00:00.000,10:00 AM,17.5
Cross_Bronx_Expy,nyccas,2026-10-02 11:00:00.000,11:00 AM,15.0
Cross_Bronx_Expy,nyccas,2026-10-02 12:00:00.000,12:00 PM,14.39
Cross_Bronx_Expy,nyccas,2026-10-02 13:00:00.000,01:00 PM,14.46
Cross_Bronx_Expy,nyccas,2026-10-02 14:00:00.000,02:00 PM,13.71
Cross_Bronx_Expy,nyccas,2026-10-02 15:00:00.000,03:00 PM,12.97
Cross_Bronx_Expy,nyccas,2026-10-02 16:00:00.000,04:00 PM,12.63
Cross_Bronx_Expy,nyccas,2026-10-02 17:00:00.000,05:00 PM,13.15
Cross_Bronx_Expy,nyccas,2026-10-02 18:00:00.000,06:00 PM,13.92
Cross_Bronx_Expy,nyccas,2026-10-02 19:00:00.000,07:00 PM,10.57
Cross_Bronx_Expy,nyccas,2026-10-02 20:00:00.000,08:00 PM,5.07
Cross_Bronx_Expy,nyccas,2026-10-02 21:00:00.000,09:00 PM,4.38
Cross_Bronx_Expy,nyccas,2026-10-02 22:00:00.000,10:00 PM,3.91
Cross_Bronx_Expy,nyccas,2026-10-02 23:00:00.000,11:00 PM,3.7
Cross_Bronx_Expy,nyccas,2026-10-03 00:00:00.000,12:00 AM,3.98
Cross_Bronx_Expy,nyccas,2026-10-03 01:00:00.000,01:00 AM,4.15
Cross_Bronx_Expy,nyccas,2026-10-03 02:00:00.000,02:00 AM,4.91
Cross_Bronx_Expy,nyccas,2026-10-03 03:00:00.000,03:00 AM,5.61
Cross_Bronx_Expy,nyccas,2026-10-03 04:00:00.000,04:00 AM,6.07
Cross_Bronx_Expy,nyccas,2026-10-03 05:00:00.000,05:00 AM,4.98
DEC_Avg,DEC,2026-09-25 03:00:00.000,03:00 AM,3.21
DEC_Avg,DEC,2026-09-25 04:00:00.000,04:00 AM,2.89
DEC_Avg,DEC,2026-09-25 05:00:00.000,05:00 AM,3.3
DEC_Avg,DEC,2026-09-25 06:00:00.000,06:00 AM,3.83
DEC_Avg,DEC,2026-09-25 07:00:00.000,07:00 AM,4.1
DEC_Avg,DEC,2026-09-25 08:00:00.000,08:00 AM,4.41
DEC_Avg,DEC,2026-09-25 09:00:00.000,09:00 AM,4.1
DEC_Avg,DEC,2026-09-25 10:00:00.000,10:00 AM,4.49
DEC_Avg,DEC,2026-09-25 11:00:00.000,11:00 AM,3.72
DEC_Avg,DEC,2026-09-25 12:00:00.000,12:00 PM,3.32
DEC_Avg,DEC,2026-09-25 13:00:00.000,01:00 PM,3.86
DEC_Avg,DEC,2026-09-25 14:00:00.000,02:00 PM,4.52
DEC_Avg,DEC,2026-09-25 15:00:00.000,03:00 PM,4.22
DEC_Avg,DEC,2026-09-25 16:00:00.000,04:00 PM,3.5
DEC_Avg,DEC,2026-09-25 17:00:00.000,05:00 PM,3.75
DEC_Avg,DEC,2026-09-25 18:00:00.000,06:00 PM,3.97
DEC_Avg,DEC,2026-09-25 19:00:00.000,07:00 PM,3.58
DEC_Avg,DEC,2026-09-25 20:00:00.000,08:00 PM,3.78
DEC_Avg,DEC,2026-09-25 21:00:00.000,09:00 PM,3.4
DEC_Avg,DEC,2026-09-25 22:00:00.000,10:00 PM,5.69
DEC_Avg,DEC,2026-09-25 23:00:00.000,11:00 PM,4.13
DEC_Avg,DEC,2026-09-26 00:00:00.000,12:00 AM,3.24
DEC_Avg,DEC,2026-09-26 01:00:00.000,01:00 AM,3.68
DEC_Avg,DEC,2026-09-26 02:00:00.000,02:00 AM,4.03
DEC_Avg,DEC,2026-09-26 03:00:00.000,03:00 AM,3.97
DEC_Avg,DEC,2026-09-26 04:00:00.000,04:00 AM,4.23
DEC_Avg,DEC,2026-09-26 05:00:00.000,05:00 AM,4.07
DEC_Avg,DEC,2026-09-26 06:00:00.000,06:00 AM,4.13
DEC_Avg,DEC,2026-09-26 07:00:00.000,07:00 AM,4.65
DEC_Avg,DEC,2026-09-26 08:00:00.000,08:00 AM,4.76
DEC_Avg,DEC,2026-09-26 09:00:00.000,09:00 AM,4.55
DEC_Avg,DEC,2026-09-26 10:00:00.000,10:00 AM,4.45
DEC_Avg,DEC,2026-09-26 11:00:00.000,11:00 AM,4.09
DEC_Avg,DEC,2026-09-26 12:00:00.000,12:00 PM,4.0
DEC_Avg,DEC,2026-09-26 13:00:00.000,01:00 PM,3.78
DEC_Avg,DEC,2026-09-26 14:00:00.000,02:00 PM,3.84
DEC_Avg,DEC,2026-09-26 15:00:00.000,03:00 PM,3.79
DEC_Avg,DEC,2026-09-26 16:00:00.000,04:00 PM,4.23
DEC_Avg,DEC,2026-09-26 17:00:00.000,05:00 PM,3.55
DEC_Avg,DEC,2026-09-26 18:00:00.000,06:00 PM,4.14
DEC_Avg,DEC,2026-09-26 19:00:00.000,07:00 PM,4.15
DEC_Avg,DEC,2026-09-26 20:00:00.000,08:00 PM,4.33
DEC_Avg,DEC,2026-09-26 21:00:00.000,09:00 PM,3.77
DEC_Avg,DEC,2026-09-26 22:00:00.000,10:00 PM,3.59
DEC_Avg,DEC,2026-09-26 23:00:00.000,11:00 PM,3.11
DEC_Avg,DEC,2026-09-27 00:00:00.000,12:00 AM,2.92
DEC_Avg,DEC,2026-09-27 01:00:00.000,01:00 AM,3.14
DEC_Avg,DEC,2026-09-27 02:00:00.000,02:00 AM,3.32
DEC_Avg,DEC,2026-09-27 03:00:00.000,03:00 AM,2.75
DEC_Avg,DEC,2026-09-27 04:00:00.000,04:00 AM,1.91
DEC_Avg,DEC,2026-09-27 05:00:00.000,05:00 AM,1.64
DEC_Avg,DEC,2026-09-27 06:00:00.000,06:00 AM,1.11
DEC_Avg,DEC,2026-09-27 07:00:00.000,07:00 AM,0.97
DEC_Avg,DEC,2026-09-27 08:00:00.000,08:00 AM,0.99
DEC_Avg,DEC,2026-09-27 09:00:00.000,09:00 AM,1.26
DEC_Avg,DEC,2026-09-27 10:00:00.000,10:00 AM,1.41
DEC_Avg,DEC,2026-09-27 11:00:00.000,11:00 AM,1.49
DEC_Avg,DEC,2026-09-27 12:00:00.000,12:00 PM,2.37
DEC_Avg,DEC,2026-09-27 13:00:00.000,01:00 PM,2.72
DEC_Avg,DEC,2026-09-27 14:00:00.000,02:00 PM,2.71
DEC_Avg,DEC,2026-09-27 15:00:00.000,03:00 PM,2.14
DEC_Avg,DEC,2026-09-27 16:00:00.000,04:00 PM,2.14
DEC_Avg,DEC,2026-09-27 17:00:00.000,05:00 PM,2.1
DEC_Avg,DEC,2026-09-27 18:00:00.000,06:00 PM,2.36
DEC_Avg,DEC,2026-09-27 19:00:00.000,07:00 PM,2.42
DEC_Avg,DEC,2026-09-27 20:00:00.000,08:00 PM,1.9
DEC_Avg,DEC,2026-09-27 21:00:00.000,09:00 PM,1.72
DEC_Avg,DEC,2026-09-27 22:00:00.000,10:00 PM,1.67
DEC_Avg,DEC,2026-09-27 23:00:00.000,11:00 PM,1.66
DEC_Avg,DEC,2026-09-28 00:00:00.000,12:00 AM,1.39
DEC_Avg,DEC,2026-09-28 01:00:00.000,01:00 AM,1.38
DEC_Avg,DEC,2026-09-28 02:00:00.000,02:00 AM,1.03
DEC_Avg,DEC,2026-09-28 03:00:00.000,03:00 AM,1.13
DEC_Avg,DEC,2026-09-28 04:00:00.000,04:00 AM,1.25
DEC_Avg,DEC,2026-09-28 05:00:00.000,05:00 AM,1.22
DEC_Avg,DEC,2026-09-28 06:00:00.000,06:00 AM,1.57
DEC_Avg,DEC,2026-09-28 07:00:00.000,07:00 AM,1.55
DEC_Avg,DEC,2026-09-28 08:00:00.000,08:00 AM,1.68
DEC_Avg,DEC,2026-09-28 09:00:00.000,09:00 AM,1.67
DEC_Avg,DEC,2026-09-28 10:00:00.000,10:00 AM,2.22
DEC_Avg,DEC,2026-09-28 11:00:00.000,11:00 AM,1.94
DEC_Avg,DEC,2026-09-28 12:00:00.000,12:00 PM,1.88
DEC_Avg,DEC,2026-09-28 13:00:00.000,01:00 PM,1.8
DEC_Avg,DEC,2026-09-28 14:00:00.000,02:00 PM,2.11
DEC_Avg,DEC,2026-09-28 15:00:00.000,03:00 PM,2.19
DEC_Avg,DEC,2026-09-28 16:00:00.000,04:00 PM,2.39
DEC_Avg,DEC,2026-09-28 17:00:00.000,05:00 PM,2.79
DEC_Avg,DEC,2026-09-28 18:00:00.000,06:00 PM,2.59
DEC_Avg,DEC,2026-09-28 19:00:00.000,07:00 PM,2.84
DEC_Avg,DEC,2026-09-28 20:00:00.000,08:00 PM,3.16
DEC_Avg,DEC,2026-09-28 21:00:00.000,09:00 PM,3.29
DEC_Avg,DEC,2026-09-28 22:00:00.000,10:00 PM,2.93
DEC_Avg,DEC,2026-09-28 23:00:00.000,11:00 PM,2.66
DEC_Avg,DEC,2026-09-29 00:00:00.000,12:00 AM,2.9
DEC_Avg,DEC,2026-09-29 01:00:00.000,01:00 AM,2.83
DEC_Avg,DEC,2026-09-29 02:00:00.000,02:00 AM,2.73
DEC_Avg,DEC,2026-09-29 03:00:00.000,03:00 AM,2.7
DEC_Avg,DEC,2026-09-29 04:00:00.000,04:00 AM,3.05
DEC_Avg,DEC,2026-09-29 05:00:00.000,05:00 AM,4.09
DEC_Avg,DEC,2026-09-29 06:00:00.000,06:00 AM,4.89
DEC_Avg,DEC,2026-09-29 07:00:00.000,07:00 AM,5.21
DEC_Avg,DEC,2026-09-29 08:00:00.000,08:00 AM,5.09
DEC_Avg,DEC,2026-09-29 09:00:00.000,09:00 AM,4.55
DEC_Avg,DEC,2026-09-29 10:00:00.000,10:00 AM,4.39
DEC_Avg,DEC,2026-09-29 11:00:00.000,11:00 AM,3.66
DEC_Avg,DEC,2026-09-29 12:00:00.000,12:00 PM,2.89
DEC_Avg,DEC,2026-09-29 13:00:00.000,01:00 PM,3.35
DEC_Avg,DEC,2026-09-29 14:00:00.000,02:00 PM,3.08
DEC_Avg,DEC,2026-09-29 15:00:00.000,03:00 PM,3.42
DEC_Avg,DEC,2026-09-29 16:00:00.000,04:00 PM,4.17
DEC_Avg,DEC,2026-09-29 17:00:00.000,05:00 PM,3.81
DEC_Avg,DEC,2026-09-29 18:00:00.000,06:00 PM,3.92
DEC_Avg,DEC,2026-09-29 19:00:00.000,07:00 PM,4.55
DEC_Avg,DEC,2026-09-29 20:00:00.000,08:00 PM,4.24
DEC_Avg,DEC,2026-09-29 21:00:00.000,09:00 PM,4.39
DEC_Avg,DEC,2026-09-29 22:00:00.000,10:00 PM,3.82
DEC_Avg,DEC,2026-09-29 23:00:00.000,11:00 PM,3.54
DEC_Avg,DEC,2026-09-30 00:00:00.000,12:00 AM,3.42
DEC_Avg,DEC,2026-09-30 01:00:00.000,01:00 AM,3.16
DEC_Avg,DEC,2026-09-30 02:00:00.000,02:00 AM,3.34
DEC_Avg,DEC,2026-09-30 03:00:00.000,03:00 AM,2.89
DEC_Avg,DEC,2026-09-30 04:00:00.000,04:00 AM,3.3
DEC_Avg,DEC,2026-09-30 05:00:00.000,05:00 AM,3.51
DEC_Avg,DEC,2026-09-30 06:00:00.000,06:00 AM,3.58
DEC_Avg,DEC,2026-09-30 07:00:00.000,07:00 AM,3.78
DEC_Avg,DEC,2026-09-30 08:00:00.000,08:00 AM,3.75
DEC_Avg,DEC,2026-09-30 09:00:00.000,09:00 AM,3.82
DEC_Avg,DEC,2026-09-30 10:00:00.000,10:00 AM,3.61
DEC_Avg,DEC,2026-09-30 11:00:00.000,11:00 AM,4.33
DEC_Avg,DEC,2026-09-30 12:00:00.000,12:00 PM,5.38
DEC_Avg,DEC,2026-09-30 13:00:00.000,01:00 PM,6.41
DEC_Avg,DEC,2026-09-30 14:00:00.000,02:00 PM,6.69
DEC_Avg,DEC,2026-09-30 15:00:00.000,03:00 PM,6.41
DEC_Avg,DEC,2026-09-30 16:00:00.000,04:00 PM,6.5
DEC_Avg,DEC,2026-09-30 17:00:00.000,05:00 PM,7.06
DEC_Avg,DEC,2026-09-30 18:00:00.000,06:00 PM,7.1
DEC_Avg,DEC,2026-09-30 19:00:00.000,07:00 PM,7.36
DEC_Avg,DEC,2026-09-30 20:00:00.000,08:00 PM,7.11
DEC_Avg,DEC,2026-09-30 21:00:00.000,09:00 PM,7.59
DEC_Avg,DEC,2026-09-30 22:00:00.000,10:00 PM,7.35
DEC_Avg,DEC,2026-09-30 23:00:00.000,11:00 PM,7.72
DEC_Avg,DEC,2026-10-01 00:00:00.000,12:00 AM,8.27
DEC_Avg,DEC,2026-10-01 01:00:00.000,01:00 AM,8.04
DEC_Avg,DEC,2026-10-01 02:00:00.000,02:00 AM,6.6
DEC_Avg,DEC,2026-10-01 03:00:00.000,03:00 AM,6.03
DEC_Avg,DEC,2026-10-01 04:00:00.000,04:00 AM,6.03
DEC_Avg,DEC,2026-10-01 05:00:00.000,05:00 AM,6.8
DEC_Avg,DEC,2026-10-01 06:00:00.000,06:00 AM,7.54
DEC_Avg,DEC,2026-10-01 07:00:00.000,07:00 AM,8.15
DEC_Avg,DEC,2026-10-01 08:00:00.000,08:00 AM,9.28
DEC_Avg,DEC,2026-10-01 09:00:00.000,09:00 AM,10.45
DEC_Avg,DEC,2026-10-01 10:00:00.000,10:00 AM,10.85
DEC_Avg,DEC,2026-10-01 11:00:00.000,11:00 AM,11.23
DEC_Avg,DEC,2026-10-01 12:00:00.000,12:00 PM,11.04
DEC_Avg,DEC,2026-10-01 13:00:00.000,01:00 PM,10.79
DEC_Avg,DEC,2026-10-01 14:00:00.000,02:00 PM,10.52
DEC_Avg,DEC,2026-10-01 15:00:00.000,03:00 PM,10.88
DEC_Avg,DEC,2026-10-01 16:00:00.000,04:00 PM,11.21
DEC_Avg,DEC,2026-10-01 17:00:00.000,05:00 PM,10.9
DEC_Avg,DEC,2026-10-01 18:00:00.000,06:00 PM,11.12
DEC_Avg,DEC,2026-10-01 19:00:00.000,07:00 PM,12.03
DEC_Avg,DEC,2026-10-01 20:00:00.000,08:00 PM,12.47
DEC_Avg,DEC,2026-10-01 21:00:00.000,09:00 PM,12.33
DEC_Avg,DEC,2026-10-01 22:00:00.000,10:00 PM,11.52
DEC_Avg,DEC,2026-10-01 23:00:00.000,11:00 PM,11.5
DEC_Avg,DEC,2026-10-02 00:00:00.000,12:00 AM,11.46
DEC_Avg,DEC,2026-10-02 01:00:00.000,01:00 AM,11.81
DEC_Avg,DEC,2026-10-02 02:00:00.000,02:00 AM,12.55
DEC_Avg,DEC,2026-10-02 03:00:00.000,03:00 AM,12.55
DEC_Avg,DEC,2026-10-02 04:00:00.000,04:00 AM,13.47
DEC_Avg,DEC,2026-10-02 05:00:00.000,05:00 AM,14.37
DEC_Avg,DEC,2026-10-02 06:00:00.000,06:00 AM,15.02
DEC_Avg,DEC,2026-10-02 07:00:00.000,07:00 AM,16.0
DEC_Avg,DEC,2026-10-02 08:00:00.000,08:00 AM,16.79
DEC_Avg,DEC,2026-10-02 09:00:00.000,09:00 AM,16.67
DEC_Avg,DEC,2026-10-02 10:00:00.000,10:00 AM,16.13
DEC_Avg,DEC,2026-10-02 11:00:00.000,11:00 AM,15.08
DEC_Avg,DEC,2026-10-02 12:00:00.000,12:00 PM,15.25
DEC_Avg,DEC,2026-10-02 13:00:00.000,01:00 PM,15.41
DEC_Avg,DEC,2026-10-02 14:00:00.000,02:00 PM,15.41
DEC_Avg,DEC,2026-10-02 15:00:00.000,03:00 PM,15.34
DEC_Avg,DEC,2026-10-02 16:00:00.000,04:00 PM,14.65
DEC_Avg,DEC,2026-10-02 17:00:00.000,05:00 PM,14.8
DEC_Avg,DEC,2026-10-02 18:00:00.000,06:00 PM,15.84
DEC_Avg,DEC,2026-10-02 19:00:00.000,07:00 PM,12.68
DEC_Avg,DEC,2026-10-02 20:00:00.000,08:00 PM,5.05
DEC_Avg,DEC,2026-10-02 21:00:00.000,09:00 PM,3.36
DEC_Avg,DEC,2026-10-02 22:00:00.000,10:00 PM,2.67
DEC_Avg,DEC,2026-10-02 23:00:00.000,11:00 PM,2.52
DEC_Avg,DEC,2026-10-03 00:00:00.000,12:00 AM,3.05
DEC_Avg,DEC,2026-10-03 01:00:00.000,01:00 AM,3.38
DEC_Avg,DEC,2026-10-03 02:00:00.000,02:00 AM,3.47
DEC_Avg,DEC,2026-10-03 03:00:00.000,03:00 AM,3.97
DEC_Avg,DEC,2026-10-03 04:00:00.000,04:00 AM,4.34
FDR,nyccas,2026-09-25 03:00:00.000,03:00 AM,3.53
FDR,nyccas,2026-09-25 04:00:00.000,04:00 AM,3.93
FDR,nyccas,2026-09-25 05:00:00.000,05:00 AM,4.03
FDR,nyccas,2026-09-25 06:00:00.000,06:00 AM,4.29
FDR,nyccas,2026-09-25 07:00:00.000,07:00 AM,4.65
FDR,nyccas,2026-09-25 08:00:00.000,08:00 AM,4.24
FDR,nyccas,2026-09-25 09:00:00.000,09:00 AM,4.42
FDR,nyccas,2026-09-25 10:00:00.000,10:00 AM,4.87
FDR,nyccas,2026-09-25 11:00:00.000,11:00 AM,4.46
FDR,nyccas,2026-09-25 12:00:00.000,12:00 PM,4.55
FDR,nyccas,2026-09-25 13:00:00.000,01:00 PM,4.64
FDR,nyccas,2026-09-25 14:00:00.000,02:00 PM,4.86
FDR,nyccas,2026-09-25 15:00:00.000,03:00 PM,4.43
FDR,nyccas,2026-09-25 16:00:00.000,04:00 PM,3.81
FDR,nyccas,2026-09-25 17:00:00.000,05:00 PM,3.88
FDR,nyccas,2026-09-25 18:00:00.000,06:00 PM,3.63
FDR,nyccas,2026-09-25 19:00:00.000,07:00 PM,3.89
FDR,nyccas,2026-09-25 20:00:00.000,08:00 PM,4.28
FDR,nyccas,2026-09-25 21:00:00.000,09:00 PM,4.12
FDR,nyccas,2026-09-25 22:00:00.000,10:00 PM,4.1
FDR,nyccas,2026-09-25 23:00:00.000,11:00 PM,3.82
FDR,nyccas,2026-09-26 00:00:00.000,12:00 AM,3.19
FDR,nyccas,2026-09-26 01:00:00.000,01:00 AM,3.25
FDR,nyccas,2026-09-26 02:00:00.000,02:00 AM,3.48
FDR,nyccas,2026-09-26 03:00:00.000,03:00 AM,3.6
FDR,nyccas,2026-09-26 04:00:00.000,04:00 AM,4.02
FDR,nyccas,2026-09-26 05:00:00.000,05:00 AM,3.94
FDR,nyccas,2026-09-26 06:00:00.000,06:00 AM,4.13
FDR,nyccas,2026-09-26 07:00:00.000,07:00 AM,4.33
FDR,nyccas,2026-09-26 08:00:00.000,08:00 AM,4.17
FDR,nyccas,2026-09-26 09:00:00.000,09:00 AM,4.18
FDR,nyccas,2026-09-26 10:00:00.000,10:00 AM,4.34
FDR,nyccas,2026-09-26 11:00:00.000,11:00 AM,4.44
FDR,nyccas,2026-09-26 12:00:00.000,12:00 PM,3.89
FDR,nyccas,2026-09-26 13:00:00.000,01:00 PM,3.77
FDR,nyccas,2026-09-26 14:00:00.000,02:00 PM,3.79
FDR,nyccas,2026-09-26 15:00:00.000,03:00 PM,3.82
FDR,nyccas,2026-09-26 16:00:00.000,04:00 PM,3.91
FDR,nyccas,2026-09-26 17:00:00.000,05:00 PM,3.9
FDR,nyccas,2026-09-26 18:00:00.000,06:00 PM,4.05
FDR,nyccas,2026-09-26 19:00:00.000,07:00 PM,4.45
FDR,nyccas,2026-09-26 20:00:00.000,08:00 PM,4.96
FDR,nyccas,2026-09-26 21:00:00.000,09:00 PM,4.79
FDR,nyccas,2026-09-26 22:00:00.000,10:00 PM,4.59
FDR,nyccas,2026-09-26 23:00:00.000,11:00 PM,4.42
FDR,nyccas,2026-09-27 00:00:00.000,12:00 AM,3.92
FDR,nyccas,2026-09-27 01:00:00.000,01:00 AM,3.8
FDR,nyccas,2026-09-27 02:00:00.000,02:00 AM,3.41
FDR,nyccas,2026-09-27 03:00:00.000,03:00 AM,2.9
FDR,nyccas,2026-09-27 04:00:00.000,04:00 AM,2.93
FDR,nyccas,2026-09-27 05:00:00.000,05:00 AM,2.54
FDR,nyccas,2026-09-27 06:00:00.000,06:00 AM,2.4
FDR,nyccas,2026-09-27 07:00:00.000,07:00 AM,2.34
FDR,nyccas,2026-09-27 08:00:00.000,08:00 AM,2.23
FDR,nyccas,2026-09-27 09:00:00.000,09:00 AM,2.31
FDR,nyccas,2026-09-27 10:00:00.000,10:00 AM,2.42
FDR,nyccas,2026-09-27 11:00:00.000,11:00 AM,2.41
FDR,nyccas,2026-09-27 12:00:00.000,12:00 PM,2.84
FDR,nyccas,2026-09-27 13:00:00.000,01:00 PM,3.04
FDR,nyccas,2026-09-27 14:00:00.000,02:00 PM,3.15
FDR,nyccas,2026-09-27 15:00:00.000,03:00 PM,2.78
FDR,nyccas,2026-09-27 16:00:00.000,04:00 PM,2.97
FDR,nyccas,2026-09-27 17:00:00.000,05:00 PM,2.78
FDR,nyccas,2026-09-27 18:00:00.000,06:00 PM,2.84
FDR,nyccas,2026-09-27 19:00:00.000,07:00 PM,3.0
FDR,nyccas,2026-09-27 20:00:00.000,08:00 PM,2.77
FDR,nyccas,2026-09-27 21:00:00.000,09:00 PM,2.74
FDR,nyccas,2026-09-27 22:00:00.000,10:00 PM,2.75
FDR,nyccas,2026-09-27 23:00:00.000,11:00 PM,2.84
FDR,nyccas,2026-09-28 00:00:00.000,12:00 AM,2.36
FDR,nyccas,2026-09-28 01:00:00.000,01:00 AM,2.26
FDR,nyccas,2026-09-28 02:00:00.000,02:00 AM,2.23
FDR,nyccas,2026-09-28 03:00:00.000,03:00 AM,2.24
FDR,nyccas,2026-09-28 04:00:00.000,04:00 AM,2.23
FDR,nyccas,2026-09-28 05:00:00.000,05:00 AM,2.26
FDR,nyccas,2026-09-28 06:00:00.000,06:00 AM,2.36
FDR,nyccas,2026-09-28 07:00:00.000,07:00 AM,2.58
FDR,nyccas,2026-09-28 08:00:00.000,08:00 AM,2.61
FDR,nyccas,2026-09-28 09:00:00.000,09:00 AM,2.87
FDR,nyccas,2026-09-28 10:00:00.000,10:00 AM,3.45
FDR,nyccas,2026-09-28 11:00:00.000,11:00 AM,3.46
FDR,nyccas,2026-09-28 12:00:00.000,12:00 PM,3.5
FDR,nyccas,2026-09-28 13:00:00.000,01:00 PM,3.09
FDR,nyccas,2026-09-28 14:00:00.000,02:00 PM,3.26
FDR,nyccas,2026-09-28 15:00:00.000,03:00 PM,3.56
FDR,nyccas,2026-09-28 16:00:00.000,04:00 PM,2.9
FDR,nyccas,2026-09-28 17:00:00.000,05:00 PM,2.93
FDR,nyccas,2026-09-28 18:00:00.000,06:00 PM,2.81
FDR,nyccas,2026-09-28 19:00:00.000,07:00 PM,2.69
FDR,nyccas,2026-09-28 20:00:00.000,08:00 PM,4.15
FDR,nyccas,2026-09-28 21:00:00.000,09:00 PM,4.48
FDR,nyccas,2026-09-28 22:00:00.000,10:00 PM,4.0
FDR,nyccas,2026-09-28 23:00:00.000,11:00 PM,3.64
FDR,nyccas,2026-09-29 00:00:00.000,12:00 AM,3.16
FDR,nyccas,2026-09-29 01:00:00.000,01:00 AM,2.76
FDR,nyccas,2026-09-29 02:00:00.000,02:00 AM,2.51
FDR,nyccas,2026-09-29 03:00:00.000,03:00 AM,2.55
FDR,nyccas,2026-09-29 04:00:00.000,04:00 AM,3.77
FDR,nyccas,2026-09-29 05:00:00.000,05:00 AM,4.61
FDR,nyccas,2026-09-29 06:00:00.000,06:00 AM,5.53
FDR,nyccas,2026-09-29 07:00:00.000,07:00 AM,6.14
FDR,nyccas,2026-09-29 08:00:00.000,08:00 AM,5.25
FDR,nyccas,2026-09-29 09:00:00.000,09:00 AM,4.9
FDR,nyccas,2026-09-29 10:00:00.000,10:00 AM,4.83
FDR,nyccas,2026-09-29 11:00:00.000,11:00 AM,4.23
FDR,nyccas,2026-09-29 12:00:00.000,12:00 PM,4.23
FDR,nyccas,2026-09-29 13:00:00.000,01:00 PM,4.1
FDR,nyccas,2026-09-29 14:00:00.000,02:00 PM,4.19
FDR,nyccas,2026-09-29 15:00:00.000,03:00 PM,4.62
FDR,nyccas,2026-09-29 16:00:00.000,04:00 PM,4.44
FDR,nyccas,2026-09-29 17:00:00.000,05:00 PM,4.65
FDR,nyccas,2026-09-29 18:00:00.000,06:00 PM,4.92
FDR,nyccas,2026-09-29 19:00:00.000,07:00 PM,5.39
FDR,nyccas,2026-09-29 20:00:00.000,08:00 PM,4.13
FDR,nyccas,2026-09-29 21:00:00.000,09:00 PM,4.32
FDR,nyccas,2026-09-29 22:00:00.000,10:00 PM,3.64
FDR,nyccas,2026-09-29 23:00:00.000,11:00 PM,3.47
FDR,nyccas,2026-09-30 00:00:00.000,12:00 AM,3.67
FDR,nyccas,2026-09-30 01:00:00.000,01:00 AM,3.12
FDR,nyccas,2026-09-30 02:00:00.000,02:00 AM,3.09
FDR,nyccas,2026-09-30 03:00:00.000,03:00 AM,3.15
FDR,nyccas,2026-09-30 04:00:00.000,04:00 AM,3.26
FDR,nyccas,2026-09-30 05:00:00.000,05:00 AM,3.61
FDR,nyccas,2026-09-30 06:00:00.000,06:00 AM,4.09
FDR,nyccas,2026-09-30 07:00:00.000,07:00 AM,5.3
FDR,nyccas,2026-09-30 08:00:00.000,08:00 AM,6.09
FDR,nyccas,2026-09-30 09:00:00.000,09:00 AM,5.36
FDR,nyccas,2026-09-30 10:00:00.000,10:00 AM,5.25
FDR,nyccas,2026-09-30 11:00:00.000,11:00 AM,5.7
FDR,nyccas,2026-09-30 12:00:00.000,12:00 PM,5.95
FDR,nyccas,2026-09-30 13:00:00.000,01:00 PM,7.0
FDR,nyccas,2026-09-30 14:00:00.000,02:00 PM,6.54
FDR,nyccas,2026-09-30 15:00:00.000,03:00 PM,6.12
FDR,nyccas,2026-09-30 16:00:00.000,04:00 PM,6.1
FDR,nyccas,2026-09-30 17:00:00.000,05:00 PM,6.47
FDR,nyccas,2026-09-30 18:00:00.000,06:00 PM,6.69
FDR,nyccas,2026-09-30 19:00:00.000,07:00 PM,6.97
FDR,nyccas,2026-09-30 20:00:00.000,08:00 PM,8.45
FDR,nyccas,2026-09-30 21:00:00.000,09:00 PM,8.02
FDR,nyccas,2026-09-30 22:00:00.000,10:00 PM,8.65
FDR,nyccas,2026-09-30 23:00:00.000,11:00 PM,9.27
FDR,nyccas,2026-10-01 00:00:00.000,12:00 AM,9.88
FDR,nyccas,2026-10-01 01:00:00.000,01:00 AM,7.62
FDR,nyccas,2026-10-01 02:00:00.000,02:00 AM,6.31
FDR,nyccas,2026-10-01 03:00:00.000,03:00 AM,6.25
FDR,nyccas,2026-10-01 04:00:00.000,04:00 AM,6.43
FDR,nyccas,2026-10-01 05:00:00.000,05:00 AM,6.76
FDR,nyccas,2026-10-01 06:00:00.000,06:00 AM,6.99
FDR,nyccas,2026-10-01 07:00:00.000,07:00 AM,8.51
FDR,nyccas,2026-10-01 08:00:00.000,08:00 AM,10.75
FDR,nyccas,2026-10-01 09:00:00.000,09:00 AM,11.72
FDR,nyccas,2026-10-01 10:00:00.000,10:00 AM,11.95
FDR,nyccas,2026-10-01 11:00:00.000,11:00 AM,12.68
FDR,nyccas,2026-10-01 12:00:00.000,12:00 PM,12.38
FDR,nyccas,2026-10-01 13:00:00.000,01:00 PM,11.26
FDR,nyccas,2026-10-01 14:00:00.000,02:00 PM,10.82
FDR,nyccas,2026-10-01 15:00:00.000,03:00 PM,12.51
FDR,nyccas,2026-10-01 16:00:00.000,04:00 PM,10.99
FDR,nyccas,2026-10-01 17:00:00.000,05:00 PM,11.31
FDR,nyccas,2026-10-01 18:00:00.000,06:00 PM,11.75
FDR,nyccas,2026-10-01 19:00:00.000,07:00 PM,12.37
FDR,nyccas,2026-10-01 20:00:00.000,08:00 PM,11.44
FDR,nyccas,2026-10-01 21:00:00.000,09:00 PM,10.05
FDR,nyccas,2026-10-01 22:00:00.000,10:00 PM,9.63
FDR,nyccas,2026-10-01 23:00:00.000,11:00 PM,9.56
FDR,nyccas,2026-10-02 00:00:00.000,12:00 AM,8.46
FDR,nyccas,2026-10-02 01:00:00.000,01:00 AM,8.53
FDR,nyccas,2026-10-02 02:00:00.000,02:00 AM,8.88
FDR,nyccas,2026-10-02 03:00:00.000,03:00 AM,9.81
FDR,nyccas,2026-10-02 04:00:00.000,04:00 AM,11.18
FDR,nyccas,2026-10-02 05:00:00.000,05:00 AM,11.43
FDR,nyccas,2026-10-02 06:00:00.000,06:00 AM,12.47
FDR,nyccas,2026-10-02 07:00:00.000,07:00 AM,13.54
FDR,nyccas,2026-10-02 08:00:00.000,08:00 AM,15.43
FDR,nyccas,2026-10-02 09:00:00.000,09:00 AM,16.24
FDR,nyccas,2026-10-02 10:00:00.000,10:00 AM,15.21
FDR,nyccas,2026-10-02 11:00:00.000,11:00 AM,13.51
FDR,nyccas,2026-10-02 12:00:00.000,12:00 PM,11.44
FDR,nyccas,2026-10-02 13:00:00.000,01:00 PM,11.72
FDR,nyccas,2026-10-02 14:00:00.000,02:00 PM,11.57
FDR,nyccas,2026-10-02 15:00:00.000,03:00 PM,11.22
FDR,nyccas,2026-10-02 16:00:00.000,04:00 PM,10.98
FDR,nyccas,2026-10-02 17:00:00.000,05:00 PM,11.04
FDR,nyccas,2026-10-02 18:00:00.000,06:00 PM,14.34
FDR,nyccas,2026-10-02 19:00:00.000,07:00 PM,10.64
FDR,nyccas,2026-10-02 20:00:00.000,08:00 PM,5.78
FDR,nyccas,2026-10-02 21:00:00.000,09:00 PM,5.13
FDR,nyccas,2026-10-02 22:00:00.000,10:00 PM,4.63
FDR,nyccas,2026-10-02 23:00:00.000,11:00 PM,4.05
FDR,nyccas,2026-10-03 00:00:00.000,12:00 AM,2.9
FDR,nyccas,2026-10-03 01:00:00.000,01:00 AM,3.04
FDR,nyccas,2026-10-03 02:00:00.000,02:00 AM,3.35
FDR,nyccas,2026-10-03 03:00:00.000,03:00 AM,3.73
FDR,nyccas,2026-10-03 04:00:00.000,04:00 AM,4.58
FDR,nyccas,2026-10-03 05:00:00.000,05:00 AM,4.46
Hamilton_Bridge,nyccas,2026-09-25 03:00:00.000,03:00 AM,3.66
Hamilton_Bridge,nyccas,2026-09-25 04:00:00.000,04:00 AM,4.22
Hamilton_Bridge,nyccas,2026-09-25 05:00:00.000,05:00 AM,4.59
Hamilton_Bridge,nyccas,2026-09-25 06:00:00.000,06:00 AM,4.63
Hamilton_Bridge,nyccas,2026-09-25 07:00:00.000,07:00 AM,4.6
Hamilton_Bridge,nyccas,2026-09-25 08:00:00.000,08:00 AM,4.88
Hamilton_Bridge,nyccas,2026-09-25 09:00:00.000,09:00 AM,4.83
Hamilton_Bridge,nyccas,2026-09-25 10:00:00.000,10:00 AM,4.84
Hamilton_Bridge,nyccas,2026-09-25 11:00:00.000,11:00 AM,4.5
Hamilton_Bridge,nyccas,2026-09-25 12:00:00.000,12:00 PM,4.42
Hamilton_Bridge,nyccas,2026-09-25 13:00:00.000,01:00 PM,4.63
Hamilton_Bridge,nyccas,2026-09-25 14:00:00.000,02:00 PM,4.43
Hamilton_Bridge,nyccas,2026-09-25 15:00:00.000,03:00 PM,4.29
Hamilton_Bridge,nyccas,2026-09-25 16:00:00.000,04:00 PM,4.2
Hamilton_Bridge,nyccas,2026-09-25 17:00:00.000,05:00 PM,4.29
Hamilton_Bridge,nyccas,2026-09-25 18:00:00.000,06:00 PM,4.43
Hamilton_Bridge,nyccas,2026-09-25 19:00:00.000,07:00 PM,4.2
Hamilton_Bridge,nyccas,2026-09-25 20:00:00.000,08:00 PM,4.12
Hamilton_Bridge,nyccas,2026-09-25 21:00:00.000,09:00 PM,3.96
Hamilton_Bridge,nyccas,2026-09-25 22:00:00.000,10:00 PM,3.74
Hamilton_Bridge,nyccas,2026-09-25 23:00:00.000,11:00 PM,4.17
Hamilton_Bridge,nyccas,2026-09-26 00:00:00.000,12:00 AM,4.13
Hamilton_Bridge,nyccas,2026-09-26 01:00:00.000,01:00 AM,3.99
Hamilton_Bridge,nyccas,2026-09-26 02:00:00.000,02:00 AM,4.16
Hamilton_Bridge,nyccas,2026-09-26 03:00:00.000,03:00 AM,4.28
Hamilton_Bridge,nyccas,2026-09-26 04:00:00.000,04:00 AM,4.18
Hamilton_Bridge,nyccas,2026-09-26 05:00:00.000,05:00 AM,3.89
Hamilton_Bridge,nyccas,2026-09-26 06:00:00.000,06:00 AM,4.17
Hamilton_Bridge,nyccas,2026-09-26 07:00:00.000,07:00 AM,4.05
Hamilton_Bridge,nyccas,2026-09-26 08:00:00.000,08:00 AM,4.72
Hamilton_Bridge,nyccas,2026-09-26 09:00:00.000,09:00 AM,4.87
Hamilton_Bridge,nyccas,2026-09-26 10:00:00.000,10:00 AM,5.2
Hamilton_Bridge,nyccas,2026-09-26 11:00:00.000,11:00 AM,4.5
Hamilton_Bridge,nyccas,2026-09-26 12:00:00.000,12:00 PM,4.62
Hamilton_Bridge,nyccas,2026-09-26 13:00:00.000,01:00 PM,4.66
Hamilton_Bridge,nyccas,2026-09-26 14:00:00.000,02:00 PM,4.42
Hamilton_Bridge,nyccas,2026-09-26 15:00:00.000,03:00 PM,4.82
Hamilton_Bridge,nyccas,2026-09-26 16:00:00.000,04:00 PM,4.78
Hamilton_Bridge,nyccas,2026-09-26 17:00:00.000,05:00 PM,4.73
Hamilton_Bridge,nyccas,2026-09-26 18:00:00.000,06:00 PM,4.9
Hamilton_Bridge,nyccas,2026-09-26 19:00:00.000,07:00 PM,4.97
Hamilton_Bridge,nyccas,2026-09-26 20:00:00.000,08:00 PM,4.65
Hamilton_Bridge,nyccas,2026-09-26 21:00:00.000,09:00 PM,4.73
Hamilton_Bridge,nyccas,2026-09-26 22:00:00.000,10:00 PM,4.41
Hamilton_Bridge,nyccas,2026-09-26 23:00:00.000,11:00 PM,4.37
Hamilton_Bridge,nyccas,2026-09-27 00:00:00.000,12:00 AM,4.66
Hamilton_Bridge,nyccas,2026-09-27 01:00:00.000,01:00 AM,4.27
Hamilton_Bridge,nyccas,2026-09-27 02:00:00.000,02:00 AM,4.15
Hamilton_Bridge,nyccas,2026-09-27 03:00:00.000,03:00 AM,3.34
Hamilton_Bridge,nyccas,2026-09-27 04:00:00.000,04:00 AM,3.12
Hamilton_Bridge,nyccas,2026-09-27 05:00:00.000,05:00 AM,2.96
Hamilton_Bridge,nyccas,2026-09-27 06:00:00.000,06:00 AM,2.84
Hamilton_Bridge,nyccas,2026-09-27 07:00:00.000,07:00 AM,2.55
Hamilton_Bridge,nyccas,2026-09-27 08:00:00.000,08:00 AM,2.57
Hamilton_Bridge,nyccas,2026-09-27 09:00:00.000,09:00 AM,2.35
Hamilton_Bridge,nyccas,2026-09-27 10:00:00.000,10:00 AM,2.3
Hamilton_Bridge,nyccas,2026-09-27 11:00:00.000,11:00 AM,2.43
Hamilton_Bridge,nyccas,2026-09-27 12:00:00.000,12:00 PM,2.7
Hamilton_Bridge,nyccas,2026-09-27 13:00:00.000,01:00 PM,2.99
Hamilton_Bridge,nyccas,2026-09-27 14:00:00.000,02:00 PM,2.96
Hamilton_Bridge,nyccas,2026-09-27 15:00:00.000,03:00 PM,3.18
Hamilton_Bridge,nyccas,2026-09-27 16:00:00.000,04:00 PM,3.49
Hamilton_Bridge,nyccas,2026-09-27 17:00:00.000,05:00 PM,3.43
Hamilton_Bridge,nyccas,2026-09-27 18:00:00.000,06:00 PM,3.34
Hamilton_Bridge,nyccas,2026-09-27 19:00:00.000,07:00 PM,3.65
Hamilton_Bridge,nyccas,2026-09-27 20:00:00.000,08:00 PM,3.28
Hamilton_Bridge,nyccas,2026-09-27 21:00:00.000,09:00 PM,3.16
Hamilton_Bridge,nyccas,2026-09-27 22:00:00.000,10:00 PM,3.1
Hamilton_Bridge,nyccas,2026-09-27 23:00:00.000,11:00 PM,2.85
Hamilton_Bridge,nyccas,2026-09-28 00:00:00.000,12:00 AM,2.54
Hamilton_Bridge,nyccas,2026-09-28 01:00:00.000,01:00 AM,2.55
Hamilton_Bridge,nyccas,2026-09-28 02:00:00.000,02:00 AM,2.48
Hamilton_Bridge,nyccas,2026-09-28 03:00:00.000,03:00 AM,2.85
Hamilton_Bridge,nyccas,2026-09-28 04:00:00.000,04:00 AM,2.98
Hamilton_Bridge,nyccas,2026-09-28 05:00:00.000,05:00 AM,3.68
Hamilton_Bridge,nyccas,2026-09-28 06:00:00.000,06:00 AM,3.21
Hamilton_Bridge,nyccas,2026-09-28 07:00:00.000,07:00 AM,3.45
Hamilton_Bridge,nyccas,2026-09-28 08:00:00.000,08:00 AM,2.96
Hamilton_Bridge,nyccas,2026-09-28 09:00:00.000,09:00 AM,3.23
Hamilton_Bridge,nyccas,2026-09-28 10:00:00.000,10:00 AM,3.39
Hamilton_Bridge,nyccas,2026-09-28 11:00:00.000,11:00 AM,3.14
Hamilton_Bridge,nyccas,2026-09-28 12:00:00.000,12:00 PM,3.36
Hamilton_Bridge,nyccas,2026-09-28 13:00:00.000,01:00 PM,3.56
Hamilton_Bridge,nyccas,2026-09-28 14:00:00.000,02:00 PM,3.83
Hamilton_Bridge,nyccas,2026-09-28 15:00:00.000,03:00 PM,4.08
Hamilton_Bridge,nyccas,2026-09-28 16:00:00.000,04:00 PM,3.94
Hamilton_Bridge,nyccas,2026-09-28 17:00:00.000,05:00 PM,3.71
Hamilton_Bridge,nyccas,2026-09-28 18:00:00.000,06:00 PM,4.35
Hamilton_Bridge,nyccas,2026-09-28 19:00:00.000,07:00 PM,4.89
Hamilton_Bridge,nyccas,2026-09-28 20:00:00.000,08:00 PM,4.55
Hamilton_Bridge,nyccas,2026-09-28 21:00:00.000,09:00 PM,4.26
Hamilton_Bridge,nyccas,2026-09-28 22:00:00.000,10:00 PM,4.55
Hamilton_Bridge,nyccas,2026-09-28 23:00:00.000,11:00 PM,4.14
Hamilton_Bridge,nyccas,2026-09-29 00:00:00.000,12:00 AM,3.38
Hamilton_Bridge,nyccas,2026-09-29 01:00:00.000,01:00 AM,3.97
Hamilton_Bridge,nyccas,2026-09-29 02:00:00.000,02:00 AM,3.46
Hamilton_Bridge,nyccas,2026-09-29 03:00:00.000,03:00 AM,12.83
Hamilton_Bridge,nyccas,2026-09-29 04:00:00.000,04:00 AM,4.17
Hamilton_Bridge,nyccas,2026-09-29 05:00:00.000,05:00 AM,4.75
Hamilton_Bridge,nyccas,2026-09-29 06:00:00.000,06:00 AM,5.33
Hamilton_Bridge,nyccas,2026-09-29 07:00:00.000,07:00 AM,4.93
Hamilton_Bridge,nyccas,2026-09-29 08:00:00.000,08:00 AM,6.51
Hamilton_Bridge,nyccas,2026-09-29 09:00:00.000,09:00 AM,6.17
Hamilton_Bridge,nyccas,2026-09-29 10:00:00.000,10:00 AM,5.45
Hamilton_Bridge,nyccas,2026-09-29 11:00:00.000,11:00 AM,5.09
Hamilton_Bridge,nyccas,2026-09-29 12:00:00.000,12:00 PM,4.93
Hamilton_Bridge,nyccas,2026-09-29 13:00:00.000,01:00 PM,4.6
Hamilton_Bridge,nyccas,2026-09-29 14:00:00.000,02:00 PM,4.56
Hamilton_Bridge,nyccas,2026-09-29 15:00:00.000,03:00 PM,4.62
Hamilton_Bridge,nyccas,2026-09-29 16:00:00.000,04:00 PM,5.16
Hamilton_Bridge,nyccas,2026-09-29 17:00:00.000,05:00 PM,4.66
Hamilton_Bridge,nyccas,2026-09-29 18:00:00.000,06:00 PM,4.69
Hamilton_Bridge,nyccas,2026-09-29 19:00:00.000,07:00 PM,5.59
Hamilton_Bridge,nyccas,2026-09-29 20:00:00.000,08:00 PM,5.84
Hamilton_Bridge,nyccas,2026-09-29 21:00:00.000,09:00 PM,7.17
Hamilton_Bridge,nyccas,2026-09-29 22:00:00.000,10:00 PM,4.74
Hamilton_Bridge,nyccas,2026-09-29 23:00:00.000,11:00 PM,4.52
Hamilton_Bridge,nyccas,2026-09-30 00:00:00.000,12:00 AM,4.45
Hamilton_Bridge,nyccas,2026-09-30 01:00:00.000,01:00 AM,4.16
Hamilton_Bridge,nyccas,2026-09-30 02:00:00.000,02:00 AM,4.3
Hamilton_Bridge,nyccas,2026-09-30 03:00:00.000,03:00 AM,4.6
Hamilton_Bridge,nyccas,2026-09-30 04:00:00.000,04:00 AM,5.3
Hamilton_Bridge,nyccas,2026-09-30 05:00:00.000,05:00 AM,5.93
Hamilton_Bridge,nyccas,2026-09-30 06:00:00.000,06:00 AM,5.09
Hamilton_Bridge,nyccas,2026-09-30 07:00:00.000,07:00 AM,4.73
Hamilton_Bridge,nyccas,2026-09-30 08:00:00.000,08:00 AM,4.31
Hamilton_Bridge,nyccas,2026-09-30 09:00:00.000,09:00 AM,5.08
Hamilton_Bridge,nyccas,2026-09-30 10:00:00.000,10:00 AM,5.37
Hamilton_Bridge,nyccas,2026-09-30 11:00:00.000,11:00 AM,5.69
Hamilton_Bridge,nyccas,2026-09-30 12:00:00.000,12:00 PM,6.44
Hamilton_Bridge,nyccas,2026-09-30 13:00:00.000,01:00 PM,7.6
Hamilton_Bridge,nyccas,2026-09-30 14:00:00.000,02:00 PM,7.03
Hamilton_Bridge,nyccas,2026-09-30 15:00:00.000,03:00 PM,6.56
Hamilton_Bridge,nyccas,2026-09-30 16:00:00.000,04:00 PM,6.42
Hamilton_Bridge,nyccas,2026-09-30 17:00:00.000,05:00 PM,6.15
Hamilton_Bridge,nyccas,2026-09-30 18:00:00.000,06:00 PM,7.27
Hamilton_Bridge,nyccas,2026-09-30 19:00:00.000,07:00 PM,8.02
Hamilton_Bridge,nyccas,2026-09-30 20:00:00.000,08:00 PM,8.71
Hamilton_Bridge,nyccas,2026-09-30 21:00:00.000,09:00 PM,9.06
Hamilton_Bridge,nyccas,2026-09-30 22:00:00.000,10:00 PM,9.13
Hamilton_Bridge,nyccas,2026-09-30 23:00:00.000,11:00 PM,9.5
Hamilton_Bridge,nyccas,2026-10-01 00:00:00.000,12:00 AM,10.14
Hamilton_Bridge,nyccas,2026-10-01 01:00:00.000,01:00 AM,9.22
Hamilton_Bridge,nyccas,2026-10-01 02:00:00.000,02:00 AM,8.15
Hamilton_Bridge,nyccas,2026-10-01 03:00:00.000,03:00 AM,7.12
Hamilton_Bridge,nyccas,2026-10-01 04:00:00.000,04:00 AM,8.76
Hamilton_Bridge,nyccas,2026-10-01 05:00:00.000,05:00 AM,8.36
Hamilton_Bridge,nyccas,2026-10-01 06:00:00.000,06:00 AM,9.85
Hamilton_Bridge,nyccas,2026-10-01 07:00:00.000,07:00 AM,10.77
Hamilton_Bridge,nyccas,2026-10-01 08:00:00.000,08:00 AM,12.36
Hamilton_Bridge,nyccas,2026-10-01 09:00:00.000,09:00 AM,17.41
Hamilton_Bridge,nyccas,2026-10-01 10:00:00.000,10:00 AM,17.64
Hamilton_Bridge,nyccas,2026-10-01 11:00:00.000,11:00 AM,15.91
Hamilton_Bridge,nyccas,2026-10-01 12:00:00.000,12:00 PM,16.42
Hamilton_Bridge,nyccas,2026-10-01 13:00:00.000,01:00 PM,13.26
Hamilton_Bridge,nyccas,2026-10-01 14:00:00.000,02:00 PM,13.72
Hamilton_Bridge,nyccas,2026-10-01 15:00:00.000,03:00 PM,13.89
Hamilton_Bridge,nyccas,2026-10-01 16:00:00.000,04:00 PM,14.0
Hamilton_Bridge,nyccas,2026-10-01 17:00:00.000,05:00 PM,13.97
Hamilton_Bridge,nyccas,2026-10-01 18:00:00.000,06:00 PM,13.41
Hamilton_Bridge,nyccas,2026-10-01 19:00:00.000,07:00 PM,13.92
Hamilton_Bridge,nyccas,2026-10-01 20:00:00.000,08:00 PM,14.7
Hamilton_Bridge,nyccas,2026-10-01 21:00:00.000,09:00 PM,12.93
Hamilton_Bridge,nyccas,2026-10-01 22:00:00.000,10:00 PM,11.58
Hamilton_Bridge,nyccas,2026-10-01 23:00:00.000,11:00 PM,12.12
Hamilton_Bridge,nyccas,2026-10-02 00:00:00.000,12:00 AM,12.35
Hamilton_Bridge,nyccas,2026-10-02 01:00:00.000,01:00 AM,12.07
Hamilton_Bridge,nyccas,2026-10-02 02:00:00.000,02:00 AM,12.29
Hamilton_Bridge,nyccas,2026-10-02 03:00:00.000,03:00 AM,12.55
Hamilton_Bridge,nyccas,2026-10-02 04:00:00.000,04:00 AM,13.12
Hamilton_Bridge,nyccas,2026-10-02 05:00:00.000,05:00 AM,14.43
Hamilton_Bridge,nyccas,2026-10-02 06:00:00.000,06:00 AM,15.63
Hamilton_Bridge,nyccas,2026-10-02 07:00:00.000,07:00 AM,16.09
Hamilton_Bridge,nyccas,2026-10-02 08:00:00.000,08:00 AM,17.82
Hamilton_Bridge,nyccas,2026-10-02 09:00:00.000,09:00 AM,19.34
Hamilton_Bridge,nyccas,2026-10-02 10:00:00.000,10:00 AM,19.26
Hamilton_Bridge,nyccas,2026-10-02 11:00:00.000,11:00 AM,16.35
Hamilton_Bridge,nyccas,2026-10-02 12:00:00.000,12:00 PM,17.08
Hamilton_Bridge,nyccas,2026-10-02 13:00:00.000,01:00 PM,15.33
Hamilton_Bridge,nyccas,2026-10-02 14:00:00.000,02:00 PM,12.94
Hamilton_Bridge,nyccas,2026-10-02 15:00:00.000,03:00 PM,12.78
Hamilton_Bridge,nyccas,2026-10-02 16:00:00.000,04:00 PM,10.9
Hamilton_Bridge,nyccas,2026-10-02 17:00:00.000,05:00 PM,10.17
Hamilton_Bridge,nyccas,2026-10-02 18:00:00.000,06:00 PM,10.87
Hamilton_Bridge,nyccas,2026-10-02 19:00:00.000,07:00 PM,7.76
Hamilton_Bridge,nyccas,2026-10-02 20:00:00.000,08:00 PM,5.32
Hamilton_Bridge,nyccas,2026-10-02 21:00:00.000,09:00 PM,4.86
Hamilton_Bridge,nyccas,2026-10-02 22:00:00.000,10:00 PM,4.5
Hamilton_Bridge,nyccas,2026-10-02 23:00:00.000,11:00 PM,4.08
Hamilton_Bridge,nyccas,2026-10-03 00:00:00.000,12:00 AM,3.63
Hamilton_Bridge,nyccas,2026-10-03 01:00:00.000,01:00 AM,3.76
Hamilton_Bridge,nyccas,2026-10-03 02:00:00.000,02:00 AM,4.37
Hamilton_Bridge,nyccas,2026-10-03 03:00:00.000,03:00 AM,4.42
Hamilton_Bridge,nyccas,2026-10-03 04:00:00.000,04:00 AM,4.7
Hamilton_Bridge,nyccas,2026-10-03 05:00:00.000,05:00 AM,5.11
Hunts_Point,nyccas,2026-09-25 03:00:00.000,03:00 AM,3.26
Hunts_Point,nyccas,2026-09-25 04:00:00.000,04:00 AM,3.45
Hunts_Point,nyccas,2026-09-25 05:00:00.000,05:00 AM,3.69
Hunts_Point,nyccas,2026-09-25 06:00:00.000,06:00 AM,4.24
Hunts_Point,nyccas,2026-09-25 07:00:00.000,07:00 AM,4.37
Hunts_Point,nyccas,2026-09-25 08:00:00.000,08:00 AM,4.56
Hunts_Point,nyccas,2026-09-25 09:00:00.000,09:00 AM,4.61
Hunts_Point,nyccas,2026-09-25 10:00:00.000,10:00 AM,4.39
Hunts_Point,nyccas,2026-09-25 11:00:00.000,11:00 AM,4.47
Hunts_Point,nyccas,2026-09-25 12:00:00.000,12:00 PM,4.52
Hunts_Point,nyccas,2026-09-25 13:00:00.000,01:00 PM,4.63
Hunts_Point,nyccas,2026-09-25 14:00:00.000,02:00 PM,4.88
Hunts_Point,nyccas,2026-09-25 15:00:00.000,03:00 PM,4.62
Hunts_Point,nyccas,2026-09-25 16:00:00.000,04:00 PM,4.23
Hunts_Point,nyccas,2026-09-25 17:00:00.000,05:00 PM,4.03
Hunts_Point,nyccas,2026-09-25 18:00:00.000,06:00 PM,4.47
Hunts_Point,nyccas,2026-09-25 19:00:00.000,07:00 PM,4.6
Hunts_Point,nyccas,2026-09-25 20:00:00.000,08:00 PM,4.2
Hunts_Point,nyccas,2026-09-25 21:00:00.000,09:00 PM,4.11
Hunts_Point,nyccas,2026-09-25 22:00:00.000,10:00 PM,3.81
Hunts_Point,nyccas,2026-09-25 23:00:00.000,11:00 PM,3.81
Hunts_Point,nyccas,2026-09-26 00:00:00.000,12:00 AM,3.4
Hunts_Point,nyccas,2026-09-26 01:00:00.000,01:00 AM,3.32
Hunts_Point,nyccas,2026-09-26 02:00:00.000,02:00 AM,3.48
Hunts_Point,nyccas,2026-09-26 03:00:00.000,03:00 AM,3.67
Hunts_Point,nyccas,2026-09-26 04:00:00.000,04:00 AM,4.21
Hunts_Point,nyccas,2026-09-26 05:00:00.000,05:00 AM,4.23
Hunts_Point,nyccas,2026-09-26 06:00:00.000,06:00 AM,3.95
Hunts_Point,nyccas,2026-09-26 07:00:00.000,07:00 AM,4.09
Hunts_Point,nyccas,2026-09-26 08:00:00.000,08:00 AM,5.48
Hunts_Point,nyccas,2026-09-26 09:00:00.000,09:00 AM,7.0
Hunts_Point,nyccas,2026-09-26 10:00:00.000,10:00 AM,6.41
Hunts_Point,nyccas,2026-09-26 11:00:00.000,11:00 AM,6.09
Hunts_Point,nyccas,2026-09-26 12:00:00.000,12:00 PM,6.71
Hunts_Point,nyccas,2026-09-26 13:00:00.000,01:00 PM,4.57
Hunts_Point,nyccas,2026-09-26 14:00:00.000,02:00 PM,3.92
Hunts_Point,nyccas,2026-09-26 15:00:00.000,03:00 PM,4.1
Hunts_Point,nyccas,2026-09-26 16:00:00.000,04:00 PM,3.89
Hunts_Point,nyccas,2026-09-26 17:00:00.000,05:00 PM,4.09
Hunts_Point,nyccas,2026-09-26 18:00:00.000,06:00 PM,4.19
Hunts_Point,nyccas,2026-09-26 19:00:00.000,07:00 PM,4.49
Hunts_Point,nyccas,2026-09-26 20:00:00.000,08:00 PM,4.35
Hunts_Point,nyccas,2026-09-26 21:00:00.000,09:00 PM,4.28
Hunts_Point,nyccas,2026-09-26 22:00:00.000,10:00 PM,3.87
Hunts_Point,nyccas,2026-09-26 23:00:00.000,11:00 PM,3.71
Hunts_Point,nyccas,2026-09-27 00:00:00.000,12:00 AM,3.44
Hunts_Point,nyccas,2026-09-27 01:00:00.000,01:00 AM,3.27
Hunts_Point,nyccas,2026-09-27 02:00:00.000,02:00 AM,3.06
Hunts_Point,nyccas,2026-09-27 03:00:00.000,03:00 AM,2.63
Hunts_Point,nyccas,2026-09-27 04:00:00.000,04:00 AM,2.34
Hunts_Point,nyccas,2026-09-27 05:00:00.000,05:00 AM,2.19
Hunts_Point,nyccas,2026-09-27 06:00:00.000,06:00 AM,2.24
Hunts_Point,nyccas,2026-09-27 07:00:00.000,07:00 AM,2.2
Hunts_Point,nyccas,2026-09-27 08:00:00.000,08:00 AM,2.19
Hunts_Point,nyccas,2026-09-27 09:00:00.000,09:00 AM,2.19
Hunts_Point,nyccas,2026-09-27 10:00:00.000,10:00 AM,2.2
Hunts_Point,nyccas,2026-09-27 11:00:00.000,11:00 AM,2.19
Hunts_Point,nyccas,2026-09-27 12:00:00.000,12:00 PM,2.19
Hunts_Point,nyccas,2026-09-27 13:00:00.000,01:00 PM,2.19
Hunts_Point,nyccas,2026-09-27 14:00:00.000,02:00 PM,2.2
Hunts_Point,nyccas,2026-09-27 15:00:00.000,03:00 PM,2.19
Hunts_Point,nyccas,2026-09-27 16:00:00.000,04:00 PM,2.36
Hunts_Point,nyccas,2026-09-27 17:00:00.000,05:00 PM,2.97
Hunts_Point,nyccas,2026-09-27 18:00:00.000,06:00 PM,2.95
Hunts_Point,nyccas,2026-09-27 19:00:00.000,07:00 PM,3.2
Hunts_Point,nyccas,2026-09-27 20:00:00.000,08:00 PM,3.0
Hunts_Point,nyccas,2026-09-27 21:00:00.000,09:00 PM,2.72
Hunts_Point,nyccas,2026-09-27 22:00:00.000,10:00 PM,2.67
Hunts_Point,nyccas,2026-09-27 23:00:00.000,11:00 PM,2.61
Hunts_Point,nyccas,2026-09-28 00:00:00.000,12:00 AM,2.21
Hunts_Point,nyccas,2026-09-28 01:00:00.000,01:00 AM,2.19
Hunts_Point,nyccas,2026-09-28 02:00:00.000,02:00 AM,2.2
Hunts_Point,nyccas,2026-09-28 03:00:00.000,03:00 AM,2.2
Hunts_Point,nyccas,2026-09-28 04:00:00.000,04:00 AM,2.21
Hunts_Point,nyccas,2026-09-28 05:00:00.000,05:00 AM,2.22
Hunts_Point,nyccas,2026-09-28 06:00:00.000,06:00 AM,2.76
Hunts_Point,nyccas,2026-09-28 07:00:00.000,07:00 AM,2.89
Hunts_Point,nyccas,2026-09-28 08:00:00.000,08:00 AM,6.33
Hunts_Point,nyccas,2026-09-28 09:00:00.000,09:00 AM,5.58
Hunts_Point,nyccas,2026-09-28 10:00:00.000,10:00 AM,5.57
Hunts_Point,nyccas,2026-09-28 11:00:00.000,11:00 AM,6.07
Hunts_Point,nyccas,2026-09-28 12:00:00.000,12:00 PM,4.47
Hunts_Point,nyccas,2026-09-28 13:00:00.000,01:00 PM,5.16
Hunts_Point,nyccas,2026-09-28 14:00:00.000,02:00 PM,6.0
Hunts_Point,nyccas,2026-09-28 15:00:00.000,03:00 PM,3.25
Hunts_Point,nyccas,2026-09-28 16:00:00.000,04:00 PM,3.42
Hunts_Point,nyccas,2026-09-28 17:00:00.000,05:00 PM,3.87
Hunts_Point,nyccas,2026-09-28 18:00:00.000,06:00 PM,3.25
Hunts_Point,nyccas,2026-09-28 19:00:00.000,07:00 PM,4.11
Hunts_Point,nyccas,2026-09-28 20:00:00.000,08:00 PM,3.51
Hunts_Point,nyccas,2026-09-28 21:00:00.000,09:00 PM,3.41
Hunts_Point,nyccas,2026-09-28 22:00:00.000,10:00 PM,3.06
Hunts_Point,nyccas,2026-09-28 23:00:00.000,11:00 PM,3.76
Hunts_Point,nyccas,2026-09-29 00:00:00.000,12:00 AM,3.61
Hunts_Point,nyccas,2026-09-29 01:00:00.000,01:00 AM,3.12
Hunts_Point,nyccas,2026-09-29 02:00:00.000,02:00 AM,2.99
Hunts_Point,nyccas,2026-09-29 03:00:00.000,03:00 AM,3.15
Hunts_Point,nyccas,2026-09-29 04:00:00.000,04:00 AM,3.79
Hunts_Point,nyccas,2026-09-29 05:00:00.000,05:00 AM,4.06
Hunts_Point,nyccas,2026-09-29 06:00:00.000,06:00 AM,4.83
Hunts_Point,nyccas,2026-09-29 07:00:00.000,07:00 AM,5.26
Hunts_Point,nyccas,2026-09-29 08:00:00.000,08:00 AM,5.15
Hunts_Point,nyccas,2026-09-29 09:00:00.000,09:00 AM,4.72
Hunts_Point,nyccas,2026-09-29 10:00:00.000,10:00 AM,6.39
Hunts_Point,nyccas,2026-09-29 11:00:00.000,11:00 AM,4.12
Hunts_Point,nyccas,2026-09-29 12:00:00.000,12:00 PM,3.82
Hunts_Point,nyccas,2026-09-29 13:00:00.000,01:00 PM,4.23
Hunts_Point,nyccas,2026-09-29 14:00:00.000,02:00 PM,5.08
Hunts_Point,nyccas,2026-09-29 15:00:00.000,03:00 PM,4.23
Hunts_Point,nyccas,2026-09-29 16:00:00.000,04:00 PM,4.58
Hunts_Point,nyccas,2026-09-29 17:00:00.000,05:00 PM,5.28
Hunts_Point,nyccas,2026-09-29 18:00:00.000,06:00 PM,4.6
Hunts_Point,nyccas,2026-09-29 19:00:00.000,07:00 PM,4.75
Hunts_Point,nyccas,2026-09-29 20:00:00.000,08:00 PM,4.62
Hunts_Point,nyccas,2026-09-29 21:00:00.000,09:00 PM,4.57
Hunts_Point,nyccas,2026-09-29 22:00:00.000,10:00 PM,4.25
Hunts_Point,nyccas,2026-09-29 23:00:00.000,11:00 PM,3.86
Hunts_Point,nyccas,2026-09-30 00:00:00.000,12:00 AM,3.65
Hunts_Point,nyccas,2026-09-30 01:00:00.000,01:00 AM,4.02
Hunts_Point,nyccas,2026-09-30 02:00:00.000,02:00 AM,3.57
Hunts_Point,nyccas,2026-09-30 03:00:00.000,03:00 AM,3.38
Hunts_Point,nyccas,2026-09-30 04:00:00.000,04:00 AM,3.02
Hunts_Point,nyccas,2026-09-30 05:00:00.000,05:00 AM,3.44
Hunts_Point,nyccas,2026-09-30 06:00:00.000,06:00 AM,3.21
Hunts_Point,nyccas,2026-09-30 07:00:00.000,07:00 AM,3.71
Hunts_Point,nyccas,2026-09-30 08:00:00.000,08:00 AM,4.14
Hunts_Point,nyccas,2026-09-30 09:00:00.000,09:00 AM,4.34
Hunts_Point,nyccas,2026-09-30 10:00:00.000,10:00 AM,4.3
Hunts_Point,nyccas,2026-09-30 11:00:00.000,11:00 AM,4.38
Hunts_Point,nyccas,2026-09-30 12:00:00.000,12:00 PM,5.61
Hunts_Point,nyccas,2026-09-30 13:00:00.000,01:00 PM,6.52
Hunts_Point,nyccas,2026-09-30 14:00:00.000,02:00 PM,7.17
Hunts_Point,nyccas,2026-09-30 15:00:00.000,03:00 PM,7.88
Hunts_Point,nyccas,2026-09-30 16:00:00.000,04:00 PM,7.01
Hunts_Point,nyccas,2026-09-30 17:00:00.000,05:00 PM,7.23
Hunts_Point,nyccas,2026-09-30 18:00:00.000,06:00 PM,9.03
Hunts_Point,nyccas,2026-09-30 19:00:00.000,07:00 PM,8.7
Hunts_Point,nyccas,2026-09-30 20:00:00.000,08:00 PM,8.43
Hunts_Point,nyccas,2026-09-30 21:00:00.000,09:00 PM,7.8
Hunts_Point,nyccas,2026-09-30 22:00:00.000,10:00 PM,8.68
Hunts_Point,nyccas,2026-09-30 23:00:00.000,11:00 PM,8.8
Hunts_Point,nyccas,2026-10-01 00:00:00.000,12:00 AM,9.72
Hunts_Point,nyccas,2026-10-01 01:00:00.000,01:00 AM,11.48
Hunts_Point,nyccas,2026-10-01 02:00:00.000,02:00 AM,8.42
Hunts_Point,nyccas,2026-10-01 03:00:00.000,03:00 AM,6.9
Hunts_Point,nyccas,2026-10-01 04:00:00.000,04:00 AM,8.0
Hunts_Point,nyccas,2026-10-01 05:00:00.000,05:00 AM,11.01
Hunts_Point,nyccas,2026-10-01 06:00:00.000,06:00 AM,9.6
Hunts_Point,nyccas,2026-10-01 07:00:00.000,07:00 AM,12.51
Hunts_Point,nyccas,2026-10-01 08:00:00.000,08:00 AM,11.82
Hunts_Point,nyccas,2026-10-01 09:00:00.000,09:00 AM,14.1
Hunts_Point,nyccas,2026-10-01 10:00:00.000,10:00 AM,15.98
Hunts_Point,nyccas,2026-10-01 11:00:00.000,11:00 AM,18.35
Hunts_Point,nyccas,2026-10-01 12:00:00.000,12:00 PM,18.87
Hunts_Point,nyccas,2026-10-01 13:00:00.000,01:00 PM,16.66
Hunts_Point,nyccas,2026-10-01 14:00:00.000,02:00 PM,13.37
Hunts_Point,nyccas,2026-10-01 15:00:00.000,03:00 PM,13.21
Hunts_Point,nyccas,2026-10-01 16:00:00.000,04:00 PM,12.59
Hunts_Point,nyccas,2026-10-01 17:00:00.000,05:00 PM,13.84
Hunts_Point,nyccas,2026-10-01 18:00:00.000,06:00 PM,12.88
Hunts_Point,nyccas,2026-10-01 19:00:00.000,07:00 PM,13.77
Hunts_Point,nyccas,2026-10-01 20:00:00.000,08:00 PM,16.35
Hunts_Point,nyccas,2026-10-01 21:00:00.000,09:00 PM,15.66
Hunts_Point,nyccas,2026-10-01 22:00:00.000,10:00 PM,13.07
Hunts_Point,nyccas,2026-10-01 23:00:00.000,11:00 PM,13.69
Hunts_Point,nyccas,2026-10-02 00:00:00.000,12:00 AM,13.36
Hunts_Point,nyccas,2026-10-02 01:00:00.000,01:00 AM,12.66
Hunts_Point,nyccas,2026-10-02 02:00:00.000,02:00 AM,12.93
Hunts_Point,nyccas,2026-10-02 03:00:00.000,03:00 AM,12.74
Hunts_Point,nyccas,2026-10-02 04:00:00.000,04:00 AM,13.15
Hunts_Point,nyccas,2026-10-02 05:00:00.000,05:00 AM,15.41
Hunts_Point,nyccas,2026-10-02 06:00:00.000,06:00 AM,17.43
Hunts_Point,nyccas,2026-10-02 07:00:00.000,07:00 AM,17.4
Hunts_Point,nyccas,2026-10-02 08:00:00.000,08:00 AM,17.93
Hunts_Point,nyccas,2026-10-02 09:00:00.000,09:00 AM,17.97
Hunts_Point,nyccas,2026-10-02 10:00:00.000,10:00 AM,15.97
Hunts_Point,nyccas,2026-10-02 11:00:00.000,11:00 AM,13.67
Hunts_Point,nyccas,2026-10-02 12:00:00.000,12:00 PM,15.16
Hunts_Point,nyccas,2026-10-02 13:00:00.000,01:00 PM,16.04
Hunts_Point,nyccas,2026-10-02 14:00:00.000,02:00 PM,15.44
Hunts_Point,nyccas,2026-10-02 15:00:00.000,03:00 PM,14.29
Hunts_Point,nyccas,2026-10-02 16:00:00.000,04:00 PM,12.7
Hunts_Point,nyccas,2026-10-02 17:00:00.000,05:00 PM,13.18
Hunts_Point,nyccas,2026-10-02 18:00:00.000,06:00 PM,14.89
Hunts_Point,nyccas,2026-10-02 19:00:00.000,07:00 PM,13.01
Hunts_Point,nyccas,2026-10-02 20:00:00.000,08:00 PM,5.19
Hunts_Point,nyccas,2026-10-02 21:00:00.000,09:00 PM,4.26
Hunts_Point,nyccas,2026-10-02 22:00:00.000,10:00 PM,3.7
Hunts_Point,nyccas,2026-10-02 23:00:00.000,11:00 PM,3.68
Hunts_Point,nyccas,2026-10-03 00:00:00.000,12:00 AM,3.31
Hunts_Point,nyccas,2026-10-03 01:00:00.000,01:00 AM,3.75
Hunts_Point,nyccas,2026-10-03 02:00:00.000,02:00 AM,4.12
Hunts_Point,nyccas,2026-10-03 03:00:00.000,03:00 AM,4.43
Hunts_Point,nyccas,2026-10-03 04:00:00.000,04:00 AM,4.42
Hunts_Point,nyccas,2026-10-03 05:00:00.000,05:00 AM,4.54
Manhattan_Bridge,nyccas,2026-09-25 03:00:00.000,03:00 AM,3.83
Manhattan_Bridge,nyccas,2026-09-25 04:00:00.000,04:00 AM,3.8
Manhattan_Bridge,nyccas,2026-09-25 05:00:00.000,05:00 AM,4.17
Manhattan_Bridge,nyccas,2026-09-25 06:00:00.000,06:00 AM,4.25
Manhattan_Bridge,nyccas,2026-09-25 07:00:00.000,07:00 AM,4.41
Manhattan_Bridge,nyccas,2026-09-25 08:00:00.000,08:00 AM,4.65
Manhattan_Bridge,nyccas,2026-09-25 09:00:00.000,09:00 AM,4.65
Manhattan_Bridge,nyccas,2026-09-25 10:00:00.000,10:00 AM,4.87
Manhattan_Bridge,nyccas,2026-09-25 11:00:00.000,11:00 AM,5.12
Manhattan_Bridge,nyccas,2026-09-25 12:00:00.000,12:00 PM,6.18
Manhattan_Bridge,nyccas,2026-09-25 13:00:00.000,01:00 PM,5.82
Manhattan_Bridge,nyccas,2026-09-25 14:00:00.000,02:00 PM,5.74
Manhattan_Bridge,nyccas,2026-09-25 15:00:00.000,03:00 PM,5.32
Manhattan_Bridge,nyccas,2026-09-25 16:00:00.000,04:00 PM,6.37
Manhattan_Bridge,nyccas,2026-09-25 17:00:00.000,05:00 PM,7.08
Manhattan_Bridge,nyccas,2026-09-25 18:00:00.000,06:00 PM,6.42
Manhattan_Bridge,nyccas,2026-09-25 19:00:00.000,07:00 PM,5.99
Manhattan_Bridge,nyccas,2026-09-25 20:00:00.000,08:00 PM,5.52
Manhattan_Bridge,nyccas,2026-09-25 21:00:00.000,09:00 PM,4.87
Manhattan_Bridge,nyccas,2026-09-25 22:00:00.000,10:00 PM,4.3
Manhattan_Bridge,nyccas,2026-09-25 23:00:00.000,11:00 PM,4.56
Manhattan_Bridge,nyccas,2026-09-26 00:00:00.000,12:00 AM,3.86
Manhattan_Bridge,nyccas,2026-09-26 01:00:00.000,01:00 AM,3.76
Manhattan_Bridge,nyccas,2026-09-26 02:00:00.000,02:00 AM,3.79
Manhattan_Bridge,nyccas,2026-09-26 03:00:00.000,03:00 AM,3.93
Manhattan_Bridge,nyccas,2026-09-26 04:00:00.000,04:00 AM,4.33
Manhattan_Bridge,nyccas,2026-09-26 05:00:00.000,05:00 AM,4.23
Manhattan_Bridge,nyccas,2026-09-26 06:00:00.000,06:00 AM,4.37
Manhattan_Bridge,nyccas,2026-09-26 07:00:00.000,07:00 AM,4.53
Manhattan_Bridge,nyccas,2026-09-26 08:00:00.000,08:00 AM,4.92
Manhattan_Bridge,nyccas,2026-09-26 09:00:00.000,09:00 AM,5.01
Manhattan_Bridge,nyccas,2026-09-26 10:00:00.000,10:00 AM,5.19
Manhattan_Bridge,nyccas,2026-09-26 11:00:00.000,11:00 AM,5.01
Manhattan_Bridge,nyccas,2026-09-26 12:00:00.000,12:00 PM,5.98
Manhattan_Bridge,nyccas,2026-09-26 13:00:00.000,01:00 PM,5.27
Manhattan_Bridge,nyccas,2026-09-26 14:00:00.000,02:00 PM,5.66
Manhattan_Bridge,nyccas,2026-09-26 15:00:00.000,03:00 PM,6.32
Manhattan_Bridge,nyccas,2026-09-26 16:00:00.000,04:00 PM,6.53
Manhattan_Bridge,nyccas,2026-09-26 17:00:00.000,05:00 PM,6.1
Manhattan_Bridge,nyccas,2026-09-26 18:00:00.000,06:00 PM,6.82
Manhattan_Bridge,nyccas,2026-09-26 19:00:00.000,07:00 PM,7.88
Manhattan_Bridge,nyccas,2026-09-26 20:00:00.000,08:00 PM,7.12
Manhattan_Bridge,nyccas,2026-09-26 21:00:00.000,09:00 PM,6.04
Manhattan_Bridge,nyccas,2026-09-26 22:00:00.000,10:00 PM,5.43
Manhattan_Bridge,nyccas,2026-09-26 23:00:00.000,11:00 PM,4.45
Manhattan_Bridge,nyccas,2026-09-27 00:00:00.000,12:00 AM,4.16
Manhattan_Bridge,nyccas,2026-09-27 01:00:00.000,01:00 AM,3.84
Manhattan_Bridge,nyccas,2026-09-27 02:00:00.000,02:00 AM,3.62
Manhattan_Bridge,nyccas,2026-09-27 03:00:00.000,03:00 AM,3.22
Manhattan_Bridge,nyccas,2026-09-27 04:00:00.000,04:00 AM,2.77
Manhattan_Bridge,nyccas,2026-09-27 05:00:00.000,05:00 AM,2.31
Manhattan_Bridge,nyccas,2026-09-27 06:00:00.000,06:00 AM,2.2
Manhattan_Bridge,nyccas,2026-09-27 07:00:00.000,07:00 AM,2.22
Manhattan_Bridge,nyccas,2026-09-27 08:00:00.000,08:00 AM,2.21
Manhattan_Bridge,nyccas,2026-09-27 09:00:00.000,09:00 AM,2.19
Manhattan_Bridge,nyccas,2026-09-27 10:00:00.000,10:00 AM,2.28
Manhattan_Bridge,nyccas,2026-09-27 11:00:00.000,11:00 AM,2.64
Manhattan_Bridge,nyccas,2026-09-27 12:00:00.000,12:00 PM,3.88
Manhattan_Bridge,nyccas,2026-09-27 13:00:00.000,01:00 PM,3.7
Manhattan_Bridge,nyccas,2026-09-27 14:00:00.000,02:00 PM,3.74
Manhattan_Bridge,nyccas,2026-09-27 15:00:00.000,03:00 PM,3.52
Manhattan_Bridge,nyccas,2026-09-27 16:00:00.000,04:00 PM,3.24
Manhattan_Bridge,nyccas,2026-09-27 17:00:00.000,05:00 PM,4.19
Manhattan_Bridge,nyccas,2026-09-27 18:00:00.000,06:00 PM,3.9
Manhattan_Bridge,nyccas,2026-09-27 19:00:00.000,07:00 PM,4.34
Manhattan_Bridge,nyccas,2026-09-27 20:00:00.000,08:00 PM,3.45
Manhattan_Bridge,nyccas,2026-09-27 21:00:00.000,09:00 PM,2.86
Manhattan_Bridge,nyccas,2026-09-27 22:00:00.000,10:00 PM,2.69
Manhattan_Bridge,nyccas,2026-09-27 23:00:00.000,11:00 PM,2.59
Manhattan_Bridge,nyccas,2026-09-28 00:00:00.000,12:00 AM,2.22
Manhattan_Bridge,nyccas,2026-09-28 01:00:00.000,01:00 AM,2.2
Manhattan_Bridge,nyccas,2026-09-28 02:00:00.000,02:00 AM,2.2
Manhattan_Bridge,nyccas,2026-09-28 03:00:00.000,03:00 AM,2.65
Manhattan_Bridge,nyccas,2026-09-28 04:00:00.000,04:00 AM,2.2
Manhattan_Bridge,nyccas,2026-09-28 05:00:00.000,05:00 AM,2.36
Manhattan_Bridge,nyccas,2026-09-28 06:00:00.000,06:00 AM,2.43
Manhattan_Bridge,nyccas,2026-09-28 07:00:00.000,07:00 AM,2.68
Manhattan_Bridge,nyccas,2026-09-28 08:00:00.000,08:00 AM,2.93
Manhattan_Bridge,nyccas,2026-09-28 09:00:00.000,09:00 AM,4.09
Manhattan_Bridge,nyccas,2026-09-28 10:00:00.000,10:00 AM,3.87
Manhattan_Bridge,nyccas,2026-09-28 11:00:00.000,11:00 AM,4.51
Manhattan_Bridge,nyccas,2026-09-28 12:00:00.000,12:00 PM,4.92
Manhattan_Bridge,nyccas,2026-09-28 13:00:00.000,01:00 PM,4.82
Manhattan_Bridge,nyccas,2026-09-28 14:00:00.000,02:00 PM,4.9
Manhattan_Bridge,nyccas,2026-09-28 15:00:00.000,03:00 PM,4.09
Manhattan_Bridge,nyccas,2026-09-28 16:00:00.000,04:00 PM,4.11
Manhattan_Bridge,nyccas,2026-09-28 17:00:00.000,05:00 PM,6.18
Manhattan_Bridge,nyccas,2026-09-28 18:00:00.000,06:00 PM,6.1
Manhattan_Bridge,nyccas,2026-09-28 19:00:00.000,07:00 PM,5.82
Manhattan_Bridge,nyccas,2026-09-28 20:00:00.000,08:00 PM,4.56
Manhattan_Bridge,nyccas,2026-09-28 21:00:00.000,09:00 PM,3.77
Manhattan_Bridge,nyccas,2026-09-28 22:00:00.000,10:00 PM,3.23
Manhattan_Bridge,nyccas,2026-09-28 23:00:00.000,11:00 PM,3.45
Manhattan_Bridge,nyccas,2026-09-29 00:00:00.000,12:00 AM,3.78
Manhattan_Bridge,nyccas,2026-09-29 01:00:00.000,01:00 AM,2.89
Manhattan_Bridge,nyccas,2026-09-29 02:00:00.000,02:00 AM,3.0
Manhattan_Bridge,nyccas,2026-09-29 03:00:00.000,03:00 AM,3.79
Manhattan_Bridge,nyccas,2026-09-29 04:00:00.000,04:00 AM,4.45
Manhattan_Bridge,nyccas,2026-09-29 05:00:00.000,05:00 AM,6.25
Manhattan_Bridge,nyccas,2026-09-29 06:00:00.000,06:00 AM,5.28
Manhattan_Bridge,nyccas,2026-09-29 07:00:00.000,07:00 AM,6.55
Manhattan_Bridge,nyccas,2026-09-29 08:00:00.000,08:00 AM,8.55
Manhattan_Bridge,nyccas,2026-09-29 09:00:00.000,09:00 AM,5.36
Manhattan_Bridge,nyccas,2026-09-29 10:00:00.000,10:00 AM,5.55
Manhattan_Bridge,nyccas,2026-09-29 11:00:00.000,11:00 AM,5.72
Manhattan_Bridge,nyccas,2026-09-29 12:00:00.000,12:00 PM,5.01
Manhattan_Bridge,nyccas,2026-09-29 13:00:00.000,01:00 PM,5.91
Manhattan_Bridge,nyccas,2026-09-29 14:00:00.000,02:00 PM,5.66
Manhattan_Bridge,nyccas,2026-09-29 15:00:00.000,03:00 PM,5.68
Manhattan_Bridge,nyccas,2026-09-29 16:00:00.000,04:00 PM,4.87
Manhattan_Bridge,nyccas,2026-09-29 17:00:00.000,05:00 PM,5.21
Manhattan_Bridge,nyccas,2026-09-29 18:00:00.000,06:00 PM,5.65
Manhattan_Bridge,nyccas,2026-09-29 19:00:00.000,07:00 PM,5.8
Manhattan_Bridge,nyccas,2026-09-29 20:00:00.000,08:00 PM,5.53
Manhattan_Bridge,nyccas,2026-09-29 21:00:00.000,09:00 PM,4.89
Manhattan_Bridge,nyccas,2026-09-29 22:00:00.000,10:00 PM,4.16
Manhattan_Bridge,nyccas,2026-09-29 23:00:00.000,11:00 PM,4.0
Manhattan_Bridge,nyccas,2026-09-30 00:00:00.000,12:00 AM,3.51
Manhattan_Bridge,nyccas,2026-09-30 01:00:00.000,01:00 AM,3.41
Manhattan_Bridge,nyccas,2026-09-30 02:00:00.000,02:00 AM,3.52
Manhattan_Bridge,nyccas,2026-09-30 03:00:00.000,03:00 AM,3.53
Manhattan_Bridge,nyccas,2026-09-30 04:00:00.000,04:00 AM,4.0
Manhattan_Bridge,nyccas,2026-09-30 05:00:00.000,05:00 AM,4.64
Manhattan_Bridge,nyccas,2026-09-30 06:00:00.000,06:00 AM,5.47
Manhattan_Bridge,nyccas,2026-09-30 07:00:00.000,07:00 AM,5.65
Manhattan_Bridge,nyccas,2026-09-30 08:00:00.000,08:00 AM,5.53
Manhattan_Bridge,nyccas,2026-09-30 09:00:00.000,09:00 AM,4.94
Manhattan_Bridge,nyccas,2026-09-30 10:00:00.000,10:00 AM,5.98
Manhattan_Bridge,nyccas,2026-09-30 11:00:00.000,11:00 AM,6.34
Manhattan_Bridge,nyccas,2026-09-30 12:00:00.000,12:00 PM,7.26
Manhattan_Bridge,nyccas,2026-09-30 13:00:00.000,01:00 PM,8.43
Manhattan_Bridge,nyccas,2026-09-30 14:00:00.000,02:00 PM,8.88
Manhattan_Bridge,nyccas,2026-09-30 15:00:00.000,03:00 PM,9.12
Manhattan_Bridge,nyccas,2026-09-30 16:00:00.000,04:00 PM,7.86
Manhattan_Bridge,nyccas,2026-09-30 17:00:00.000,05:00 PM,8.33
Manhattan_Bridge,nyccas,2026-09-30 18:00:00.000,06:00 PM,9.22
Manhattan_Bridge,nyccas,2026-09-30 19:00:00.000,07:00 PM,10.57
Manhattan_Bridge,nyccas,2026-09-30 20:00:00.000,08:00 PM,10.62
Manhattan_Bridge,nyccas,2026-09-30 21:00:00.000,09:00 PM,11.73
Manhattan_Bridge,nyccas,2026-09-30 22:00:00.000,10:00 PM,10.38
Manhattan_Bridge,nyccas,2026-09-30 23:00:00.000,11:00 PM,10.27
Manhattan_Bridge,nyccas,2026-10-01 00:00:00.000,12:00 AM,9.14
Manhattan_Bridge,nyccas,2026-10-01 01:00:00.000,01:00 AM,8.57
Manhattan_Bridge,nyccas,2026-10-01 02:00:00.000,02:00 AM,7.06
Manhattan_Bridge,nyccas,2026-10-01 03:00:00.000,03:00 AM,6.97
Manhattan_Bridge,nyccas,2026-10-01 04:00:00.000,04:00 AM,7.5
Manhattan_Bridge,nyccas,2026-10-01 05:00:00.000,05:00 AM,9.09
Manhattan_Bridge,nyccas,2026-10-01 06:00:00.000,06:00 AM,9.87
Manhattan_Bridge,nyccas,2026-10-01 07:00:00.000,07:00 AM,11.07
Manhattan_Bridge,nyccas,2026-10-01 08:00:00.000,08:00 AM,13.69
Manhattan_Bridge,nyccas,2026-10-01 09:00:00.000,09:00 AM,14.89
Manhattan_Bridge,nyccas,2026-10-01 10:00:00.000,10:00 AM,14.49
Manhattan_Bridge,nyccas,2026-10-01 11:00:00.000,11:00 AM,15.16
Manhattan_Bridge,nyccas,2026-10-01 12:00:00.000,12:00 PM,15.58
Manhattan_Bridge,nyccas,2026-10-01 13:00:00.000,01:00 PM,14.22
Manhattan_Bridge,nyccas,2026-10-01 14:00:00.000,02:00 PM,13.46
Manhattan_Bridge,nyccas,2026-10-01 15:00:00.000,03:00 PM,13.75
Manhattan_Bridge,nyccas,2026-10-01 16:00:00.000,04:00 PM,13.6
Manhattan_Bridge,nyccas,2026-10-01 17:00:00.000,05:00 PM,14.76
Manhattan_Bridge,nyccas,2026-10-01 18:00:00.000,06:00 PM,13.89
Manhattan_Bridge,nyccas,2026-10-01 19:00:00.000,07:00 PM,13.42
Manhattan_Bridge,nyccas,2026-10-01 20:00:00.000,08:00 PM,12.24
Manhattan_Bridge,nyccas,2026-10-01 21:00:00.000,09:00 PM,11.21
Manhattan_Bridge,nyccas,2026-10-01 22:00:00.000,10:00 PM,11.07
Manhattan_Bridge,nyccas,2026-10-01 23:00:00.000,11:00 PM,11.04
Manhattan_Bridge,nyccas,2026-10-02 00:00:00.000,12:00 AM,10.9
Manhattan_Bridge,nyccas,2026-10-02 01:00:00.000,01:00 AM,10.71
Manhattan_Bridge,nyccas,2026-10-02 02:00:00.000,02:00 AM,11.68
Manhattan_Bridge,nyccas,2026-10-02 03:00:00.000,03:00 AM,13.1
Manhattan_Bridge,nyccas,2026-10-02 04:00:00.000,04:00 AM,14.1
Manhattan_Bridge,nyccas,2026-10-02 05:00:00.000,05:00 AM,15.05
Manhattan_Bridge,nyccas,2026-10-02 06:00:00.000,06:00 AM,16.14
Manhattan_Bridge,nyccas,2026-10-02 07:00:00.000,07:00 AM,17.53
Manhattan_Bridge,nyccas,2026-10-02 08:00:00.000,08:00 AM,20.43
Manhattan_Bridge,nyccas,2026-10-02 09:00:00.000,09:00 AM,20.81
Manhattan_Bridge,nyccas,2026-10-02 10:00:00.000,10:00 AM,19.17
Manhattan_Bridge,nyccas,2026-10-02 11:00:00.000,11:00 AM,17.03
Manhattan_Bridge,nyccas,2026-10-02 12:00:00.000,12:00 PM,15.6
Manhattan_Bridge,nyccas,2026-10-02 13:00:00.000,01:00 PM,15.27
Manhattan_Bridge,nyccas,2026-10-02 14:00:00.000,02:00 PM,14.73
Manhattan_Bridge,nyccas,2026-10-02 15:00:00.000,03:00 PM,14.25
Manhattan_Bridge,nyccas,2026-10-02 16:00:00.000,04:00 PM,13.82
Manhattan_Bridge,nyccas,2026-10-02 17:00:00.000,05:00 PM,13.92
Manhattan_Bridge,nyccas,2026-10-02 18:00:00.000,06:00 PM,15.09
Manhattan_Bridge,nyccas,2026-10-02 19:00:00.000,07:00 PM,13.16
Manhattan_Bridge,nyccas,2026-10-02 20:00:00.000,08:00 PM,6.31
Manhattan_Bridge,nyccas,2026-10-02 21:00:00.000,09:00 PM,4.7
Manhattan_Bridge,nyccas,2026-10-02 22:00:00.000,10:00 PM,3.6
Manhattan_Bridge,nyccas,2026-10-02 23:00:00.000,11:00 PM,3.39
Manhattan_Bridge,nyccas,2026-10-03 00:00:00.000,12:00 AM,3.55
Manhattan_Bridge,nyccas,2026-10-03 01:00:00.000,01:00 AM,3.9
Manhattan_Bridge,nyccas,2026-10-03 02:00:00.000,02:00 AM,4.63
Manhattan_Bridge,nyccas,2026-10-03 03:00:00.000,03:00 AM,5.22
Manhattan_Bridge,nyccas,2026-10-03 04:00:00.000,04:00 AM,5.32
Manhattan_Bridge,nyccas,2026-10-03 05:00:00.000,05:00 AM,5.38
Midtown_DOT,nyccas,2026-09-25 03:00:00.000,03:00 AM,4.86
Midtown_DOT,nyccas,2026-09-25 04:00:00.000,04:00 AM,4.6
Midtown_DOT,nyccas,2026-09-25 05:00:00.000,05:00 AM,4.67
Midtown_DOT,nyccas,2026-09-25 06:00:00.000,06:00 AM,5.01
Midtown_DOT,nyccas,2026-09-25 07:00:00.000,07:00 AM,7.27
Midtown_DOT,nyccas,2026-09-25 08:00:00.000,08:00 AM,5.9
Midtown_DOT,nyccas,2026-09-25 09:00:00.000,09:00 AM,5.69
Midtown_DOT,nyccas,2026-09-25 10:00:00.000,10:00 AM,11.38
Midtown_DOT,nyccas,2026-09-25 11:00:00.000,11:00 AM,7.06
Midtown_DOT,nyccas,2026-09-25 12:00:00.000,12:00 PM,6.29
Midtown_DOT,nyccas,2026-09-25 13:00:00.000,01:00 PM,7.32
Midtown_DOT,nyccas,2026-09-25 14:00:00.000,02:00 PM,6.8
Midtown_DOT,nyccas,2026-09-25 15:00:00.000,03:00 PM,6.56
Midtown_DOT,nyccas,2026-09-25 16:00:00.000,04:00 PM,6.71
Midtown_DOT,nyccas,2026-09-25 17:00:00.000,05:00 PM,7.94
Midtown_DOT,nyccas,2026-09-25 18:00:00.000,06:00 PM,7.88
Midtown_DOT,nyccas,2026-09-25 19:00:00.000,07:00 PM,7.79
Midtown_DOT,nyccas,2026-09-25 20:00:00.000,08:00 PM,7.03
Midtown_DOT,nyccas,2026-09-25 21:00:00.000,09:00 PM,6.73
Midtown_DOT,nyccas,2026-09-25 22:00:00.000,10:00 PM,8.09
Midtown_DOT,nyccas,2026-09-25 23:00:00.000,11:00 PM,7.27
Midtown_DOT,nyccas,2026-09-26 00:00:00.000,12:00 AM,5.41
Midtown_DOT,nyccas,2026-09-26 01:00:00.000,01:00 AM,4.7
Midtown_DOT,nyccas,2026-09-26 02:00:00.000,02:00 AM,4.94
Midtown_DOT,nyccas,2026-09-26 03:00:00.000,03:00 AM,5.23
Midtown_DOT,nyccas,2026-09-26 04:00:00.000,04:00 AM,5.92
Midtown_DOT,nyccas,2026-09-26 05:00:00.000,05:00 AM,6.3
Midtown_DOT,nyccas,2026-09-26 06:00:00.000,06:00 AM,5.83
Midtown_DOT,nyccas,2026-09-26 07:00:00.000,07:00 AM,6.51
Midtown_DOT,nyccas,2026-09-26 08:00:00.000,08:00 AM,7.97
Midtown_DOT,nyccas,2026-09-26 09:00:00.000,09:00 AM,8.01
Midtown_DOT,nyccas,2026-09-26 10:00:00.000,10:00 AM,8.01
Midtown_DOT,nyccas,2026-09-26 11:00:00.000,11:00 AM,9.44
Midtown_DOT,nyccas,2026-09-26 12:00:00.000,12:00 PM,8.23
Midtown_DOT,nyccas,2026-09-26 13:00:00.000,01:00 PM,7.35
Midtown_DOT,nyccas,2026-09-26 14:00:00.000,02:00 PM,7.1
Midtown_DOT,nyccas,2026-09-26 15:00:00.000,03:00 PM,7.79
Midtown_DOT,nyccas,2026-09-26 16:00:00.000,04:00 PM,9.06
Midtown_DOT,nyccas,2026-09-26 17:00:00.000,05:00 PM,9.19
Midtown_DOT,nyccas,2026-09-26 18:00:00.000,06:00 PM,9.44
Midtown_DOT,nyccas,2026-09-26 19:00:00.000,07:00 PM,12.1
Midtown_DOT,nyccas,2026-09-26 20:00:00.000,08:00 PM,10.07
Midtown_DOT,nyccas,2026-09-26 21:00:00.000,09:00 PM,9.13
Midtown_DOT,nyccas,2026-09-26 22:00:00.000,10:00 PM,8.71
Midtown_DOT,nyccas,2026-09-26 23:00:00.000,11:00 PM,8.2
Midtown_DOT,nyccas,2026-09-27 00:00:00.000,12:00 AM,6.64
Midtown_DOT,nyccas,2026-09-27 01:00:00.000,01:00 AM,5.93
Midtown_DOT,nyccas,2026-09-27 02:00:00.000,02:00 AM,5.66
Midtown_DOT,nyccas,2026-09-27 03:00:00.000,03:00 AM,4.87
Midtown_DOT,nyccas,2026-09-27 04:00:00.000,04:00 AM,3.96
Midtown_DOT,nyccas,2026-09-27 05:00:00.000,05:00 AM,3.17
Midtown_DOT,nyccas,2026-09-27 06:00:00.000,06:00 AM,2.46
Midtown_DOT,nyccas,2026-09-27 07:00:00.000,07:00 AM,2.37
Midtown_DOT,nyccas,2026-09-27 08:00:00.000,08:00 AM,3.14
Midtown_DOT,nyccas,2026-09-27 09:00:00.000,09:00 AM,4.14
Midtown_DOT,nyccas,2026-09-27 10:00:00.000,10:00 AM,5.29
Midtown_DOT,nyccas,2026-09-27 11:00:00.000,11:00 AM,8.59
Midtown_DOT,nyccas,2026-09-27 12:00:00.000,12:00 PM,19.37
Midtown_DOT,nyccas,2026-09-27 13:00:00.000,01:00 PM,8.8
Midtown_DOT,nyccas,2026-09-27 14:00:00.000,02:00 PM,7.78
Midtown_DOT,nyccas,2026-09-27 15:00:00.000,03:00 PM,8.0
Midtown_DOT,nyccas,2026-09-27 16:00:00.000,04:00 PM,9.5
Midtown_DOT,nyccas,2026-09-27 17:00:00.000,05:00 PM,10.08
Midtown_DOT,nyccas,2026-09-27 18:00:00.000,06:00 PM,12.71
Midtown_DOT,nyccas,2026-09-27 19:00:00.000,07:00 PM,11.69
Midtown_DOT,nyccas,2026-09-27 20:00:00.000,08:00 PM,8.65
Midtown_DOT,nyccas,2026-09-27 21:00:00.000,09:00 PM,7.83
Midtown_DOT,nyccas,2026-09-27 22:00:00.000,10:00 PM,6.4
Midtown_DOT,nyccas,2026-09-27 23:00:00.000,11:00 PM,4.89
Midtown_DOT,nyccas,2026-09-28 00:00:00.000,12:00 AM,6.01
Midtown_DOT,nyccas,2026-09-28 01:00:00.000,01:00 AM,4.81
Midtown_DOT,nyccas,2026-09-28 02:00:00.000,02:00 AM,5.1
Midtown_DOT,nyccas,2026-09-28 03:00:00.000,03:00 AM,4.24
Midtown_DOT,nyccas,2026-09-28 04:00:00.000,04:00 AM,4.73
Midtown_DOT,nyccas,2026-09-28 05:00:00.000,05:00 AM,3.5
Midtown_DOT,nyccas,2026-09-28 06:00:00.000,06:00 AM,3.53
Midtown_DOT,nyccas,2026-09-28 07:00:00.000,07:00 AM,5.46
Midtown_DOT,nyccas,2026-09-28 08:00:00.000,08:00 AM,4.39
Midtown_DOT,nyccas,2026-09-28 09:00:00.000,09:00 AM,5.09
Midtown_DOT,nyccas,2026-09-28 10:00:00.000,10:00 AM,7.51
Midtown_DOT,nyccas,2026-09-28 11:00:00.000,11:00 AM,7.51
Midtown_DOT,nyccas,2026-09-28 12:00:00.000,12:00 PM,7.61
Midtown_DOT,nyccas,2026-09-28 13:00:00.000,01:00 PM,9.3
Midtown_DOT,nyccas,2026-09-28 14:00:00.000,02:00 PM,8.84
Midtown_DOT,nyccas,2026-09-28 15:00:00.000,03:00 PM,6.45
Midtown_DOT,nyccas,2026-09-28 16:00:00.000,04:00 PM,8.72
Midtown_DOT,nyccas,2026-09-28 17:00:00.000,05:00 PM,8.84
Midtown_DOT,nyccas,2026-09-28 18:00:00.000,06:00 PM,8.96
Midtown_DOT,nyccas,2026-09-28 19:00:00.000,07:00 PM,8.88
Midtown_DOT,nyccas,2026-09-28 20:00:00.000,08:00 PM,8.21
Midtown_DOT,nyccas,2026-09-28 21:00:00.000,09:00 PM,7.93
Midtown_DOT,nyccas,2026-09-28 22:00:00.000,10:00 PM,6.89
Midtown_DOT,nyccas,2026-09-28 23:00:00.000,11:00 PM,5.2
Midtown_DOT,nyccas,2026-09-29 00:00:00.000,12:00 AM,4.59
Midtown_DOT,nyccas,2026-09-29 01:00:00.000,01:00 AM,4.17
Midtown_DOT,nyccas,2026-09-29 02:00:00.000,02:00 AM,4.11
Midtown_DOT,nyccas,2026-09-29 03:00:00.000,03:00 AM,4.03
Midtown_DOT,nyccas,2026-09-29 04:00:00.000,04:00 AM,3.63
Midtown_DOT,nyccas,2026-09-29 05:00:00.000,05:00 AM,7.07
Midtown_DOT,nyccas,2026-09-29 06:00:00.000,06:00 AM,6.0
Midtown_DOT,nyccas,2026-09-29 07:00:00.000,07:00 AM,8.1
Midtown_DOT,nyccas,2026-09-29 08:00:00.000,08:00 AM,9.19
Midtown_DOT,nyccas,2026-09-29 09:00:00.000,09:00 AM,9.61
Midtown_DOT,nyccas,2026-09-29 10:00:00.000,10:00 AM,13.4
Midtown_DOT,nyccas,2026-09-29 11:00:00.000,11:00 AM,13.23
Midtown_DOT,nyccas,2026-09-29 12:00:00.000,12:00 PM,15.61
Midtown_DOT,nyccas,2026-09-29 13:00:00.000,01:00 PM,10.28
Midtown_DOT,nyccas,2026-09-29 14:00:00.000,02:00 PM,8.63
Midtown_DOT,nyccas,2026-09-29 15:00:00.000,03:00 PM,10.84
Midtown_DOT,nyccas,2026-09-29 16:00:00.000,04:00 PM,9.55
Midtown_DOT,nyccas,2026-09-29 17:00:00.000,05:00 PM,8.13
Midtown_DOT,nyccas,2026-09-29 18:00:00.000,06:00 PM,7.97
Midtown_DOT,nyccas,2026-09-29 19:00:00.000,07:00 PM,9.56
Midtown_DOT,nyccas,2026-09-29 20:00:00.000,08:00 PM,10.55
Midtown_DOT,nyccas,2026-09-29 21:00:00.000,09:00 PM,10.26
Midtown_DOT,nyccas,2026-09-29 22:00:00.000,10:00 PM,10.03
Midtown_DOT,nyccas,2026-09-29 23:00:00.000,11:00 PM,8.6
Midtown_DOT,nyccas,2026-09-30 00:00:00.000,12:00 AM,6.13
Midtown_DOT,nyccas,2026-09-30 01:00:00.000,01:00 AM,5.17
Midtown_DOT,nyccas,2026-09-30 02:00:00.000,02:00 AM,5.1
Midtown_DOT,nyccas,2026-09-30 03:00:00.000,03:00 AM,8.41
Midtown_DOT,nyccas,2026-09-30 04:00:00.000,04:00 AM,4.39
Midtown_DOT,nyccas,2026-09-30 05:00:00.000,05:00 AM,5.63
Midtown_DOT,nyccas,2026-09-30 06:00:00.000,06:00 AM,7.19
Midtown_DOT,nyccas,2026-09-30 07:00:00.000,07:00 AM,10.71
Midtown_DOT,nyccas,2026-09-30 08:00:00.000,08:00 AM,8.37
Midtown_DOT,nyccas,2026-09-30 09:00:00.000,09:00 AM,7.11
Midtown_DOT,nyccas,2026-09-30 10:00:00.000,10:00 AM,9.58
Midtown_DOT,nyccas,2026-09-30 11:00:00.000,11:00 AM,11.84
Midtown_DOT,nyccas,2026-09-30 12:00:00.000,12:00 PM,11.51
Midtown_DOT,nyccas,2026-09-30 13:00:00.000,01:00 PM,12.0
Midtown_DOT,nyccas,2026-09-30 14:00:00.000,02:00 PM,10.61
Midtown_DOT,nyccas,2026-09-30 15:00:00.000,03:00 PM,12.97
Midtown_DOT,nyccas,2026-09-30 16:00:00.000,04:00 PM,14.38
Midtown_DOT,nyccas,2026-09-30 17:00:00.000,05:00 PM,12.01
Midtown_DOT,nyccas,2026-09-30 18:00:00.000,06:00 PM,16.39
Midtown_DOT,nyccas,2026-09-30 19:00:00.000,07:00 PM,17.42
Midtown_DOT,nyccas,2026-09-30 20:00:00.000,08:00 PM,20.15
Midtown_DOT,nyccas,2026-09-30 21:00:00.000,09:00 PM,19.05
Midtown_DOT,nyccas,2026-09-30 22:00:00.000,10:00 PM,16.37
Midtown_DOT,nyccas,2026-09-30 23:00:00.000,11:00 PM,16.5
Midtown_DOT,nyccas,2026-10-01 00:00:00.000,12:00 AM,11.18
Midtown_DOT,nyccas,2026-10-01 01:00:00.000,01:00 AM,10.09
Midtown_DOT,nyccas,2026-10-01 02:00:00.000,02:00 AM,8.41
Midtown_DOT,nyccas,2026-10-01 03:00:00.000,03:00 AM,8.39
Midtown_DOT,nyccas,2026-10-01 04:00:00.000,04:00 AM,9.11
Midtown_DOT,nyccas,2026-10-01 05:00:00.000,05:00 AM,11.08
Midtown_DOT,nyccas,2026-10-01 06:00:00.000,06:00 AM,12.18
Midtown_DOT,nyccas,2026-10-01 07:00:00.000,07:00 AM,14.55
Midtown_DOT,nyccas,2026-10-01 08:00:00.000,08:00 AM,17.87
Midtown_DOT,nyccas,2026-10-01 09:00:00.000,09:00 AM,21.93
Midtown_DOT,nyccas,2026-10-01 10:00:00.000,10:00 AM,38.61
Midtown_DOT,nyccas,2026-10-01 11:00:00.000,11:00 AM,23.25
Midtown_DOT,nyccas,2026-10-01 12:00:00.000,12:00 PM,26.17
Midtown_DOT,nyccas,2026-10-01 13:00:00.000,01:00 PM,25.69
Midtown_DOT,nyccas,2026-10-01 14:00:00.000,02:00 PM,21.34
Midtown_DOT,nyccas,2026-10-01 15:00:00.000,03:00 PM,25.09
Midtown_DOT,nyccas,2026-10-01 16:00:00.000,04:00 PM,18.97
Midtown_DOT,nyccas,2026-10-01 17:00:00.000,05:00 PM,19.61
Midtown_DOT,nyccas,2026-10-01 18:00:00.000,06:00 PM,20.97
Midtown_DOT,nyccas,2026-10-01 19:00:00.000,07:00 PM,24.3
Midtown_DOT,nyccas,2026-10-01 20:00:00.000,08:00 PM,22.76
Midtown_DOT,nyccas,2026-10-01 21:00:00.000,09:00 PM,20.91
Midtown_DOT,nyccas,2026-10-01 22:00:00.000,10:00 PM,18.54
Midtown_DOT,nyccas,2026-10-01 23:00:00.000,11:00 PM,18.22
Midtown_DOT,nyccas,2026-10-02 00:00:00.000,12:00 AM,15.56
Midtown_DOT,nyccas,2026-10-02 01:00:00.000,01:00 AM,15.82
Midtown_DOT,nyccas,2026-10-02 02:00:00.000,02:00 AM,17.69
Midtown_DOT,nyccas,2026-10-02 03:00:00.000,03:00 AM,16.68
Midtown_DOT,nyccas,2026-10-02 04:00:00.000,04:00 AM,18.12
Midtown_DOT,nyccas,2026-10-02 05:00:00.000,05:00 AM,19.15
Midtown_DOT,nyccas,2026-10-02 06:00:00.000,06:00 AM,21.81
Midtown_DOT,nyccas,2026-10-02 07:00:00.000,07:00 AM,23.02
Midtown_DOT,nyccas,2026-10-02 08:00:00.000,08:00 AM,25.02
Midtown_DOT,nyccas,2026-10-02 09:00:00.000,09:00 AM,25.49
Midtown_DOT,nyccas,2026-10-02 10:00:00.000,10:00 AM,24.98
Midtown_DOT,nyccas,2026-10-02 11:00:00.000,11:00 AM,22.15
Midtown_DOT,nyccas,2026-10-02 12:00:00.000,12:00 PM,24.59
Midtown_DOT,nyccas,2026-10-02 13:00:00.000,01:00 PM,24.17
Midtown_DOT,nyccas,2026-10-02 14:00:00.000,02:00 PM,21.78
Midtown_DOT,nyccas,2026-10-02 15:00:00.000,03:00 PM,22.04
Midtown_DOT,nyccas,2026-10-02 16:00:00.000,04:00 PM,20.71
Midtown_DOT,nyccas,2026-10-02 17:00:00.000,05:00 PM,18.31
Midtown_DOT,nyccas,2026-10-02 18:00:00.000,06:00 PM,20.14
Midtown_DOT,nyccas,2026-10-02 19:00:00.000,07:00 PM,17.31
Midtown_DOT,nyccas,2026-10-02 20:00:00.000,08:00 PM,10.15
Midtown_DOT,nyccas,2026-10-02 21:00:00.000,09:00 PM,9.37
Midtown_DOT,nyccas,2026-10-02 22:00:00.000,10:00 PM,7.82
Midtown_DOT,nyccas,2026-10-02 23:00:00.000,11:00 PM,6.49
Midtown_DOT,nyccas,2026-10-03 00:00:00.000,12:00 AM,6.2
Midtown_DOT,nyccas,2026-10-03 01:00:00.000,01:00 AM,5.53
Midtown_DOT,nyccas,2026-10-03 02:00:00.000,02:00 AM,6.54
Midtown_DOT,nyccas,2026-10-03 03:00:00.000,03:00 AM,6.45
Midtown_DOT,nyccas,2026-10-03 04:00:00.000,04:00 AM,5.93
Midtown_DOT,nyccas,2026-10-03 05:00:00.000,05:00 AM,6.59
Mott_Haven,nyccas,2026-09-25 03:00:00.000,03:00 AM,3.56
Mott_Haven,nyccas,2026-09-25 04:00:00.000,04:00 AM,3.8
Mott_Haven,nyccas,2026-09-25 05:00:00.000,05:00 AM,3.92
Mott_Haven,nyccas,2026-09-25 06:00:00.000,06:00 AM,4.23
Mott_Haven,nyccas,2026-09-25 07:00:00.000,07:00 AM,4.48
Mott_Haven,nyccas,2026-09-25 08:00:00.000,08:00 AM,4.82
Mott_Haven,nyccas,2026-09-25 09:00:00.000,09:00 AM,4.75
Mott_Haven,nyccas,2026-09-25 10:00:00.000,10:00 AM,4.67
Mott_Haven,nyccas,2026-09-25 11:00:00.000,11:00 AM,4.63
Mott_Haven,nyccas,2026-09-25 12:00:00.000,12:00 PM,4.06
Mott_Haven,nyccas,2026-09-25 13:00:00.000,01:00 PM,3.93
Mott_Haven,nyccas,2026-09-25 14:00:00.000,02:00 PM,3.97
Mott_Haven,nyccas,2026-09-25 15:00:00.000,03:00 PM,3.92
Mott_Haven,nyccas,2026-09-25 16:00:00.000,04:00 PM,3.96
Mott_Haven,nyccas,2026-09-25 17:00:00.000,05:00 PM,3.93
Mott_Haven,nyccas,2026-09-25 18:00:00.000,06:00 PM,4.16
Mott_Haven,nyccas,2026-09-25 19:00:00.000,07:00 PM,4.12
Mott_Haven,nyccas,2026-09-25 20:00:00.000,08:00 PM,4.1
Mott_Haven,nyccas,2026-09-25 21:00:00.000,09:00 PM,4.02
Mott_Haven,nyccas,2026-09-25 22:00:00.000,10:00 PM,3.73
Mott_Haven,nyccas,2026-09-25 23:00:00.000,11:00 PM,3.47
Mott_Haven,nyccas,2026-09-26 00:00:00.000,12:00 AM,4.15
Mott_Haven,nyccas,2026-09-26 01:00:00.000,01:00 AM,4.31
Mott_Haven,nyccas,2026-09-26 02:00:00.000,02:00 AM,4.28
Mott_Haven,nyccas,2026-09-26 03:00:00.000,03:00 AM,4.5
Mott_Haven,nyccas,2026-09-26 04:00:00.000,04:00 AM,5.27
Mott_Haven,nyccas,2026-09-26 05:00:00.000,05:00 AM,5.22
Mott_Haven,nyccas,2026-09-26 06:00:00.000,06:00 AM,5.15
Mott_Haven,nyccas,2026-09-26 07:00:00.000,07:00 AM,5.29
Mott_Haven,nyccas,2026-09-26 08:00:00.000,08:00 AM,5.71
Mott_Haven,nyccas,2026-09-26 09:00:00.000,09:00 AM,6.02
Mott_Haven,nyccas,2026-09-26 10:00:00.000,10:00 AM,5.98
Mott_Haven,nyccas,2026-09-26 11:00:00.000,11:00 AM,5.39
Mott_Haven,nyccas,2026-09-26 12:00:00.000,12:00 PM,5.29
Mott_Haven,nyccas,2026-09-26 13:00:00.000,01:00 PM,5.1
Mott_Haven,nyccas,2026-09-26 14:00:00.000,02:00 PM,4.91
Mott_Haven,nyccas,2026-09-26 15:00:00.000,03:00 PM,5.22
Mott_Haven,nyccas,2026-09-26 16:00:00.000,04:00 PM,4.96
Mott_Haven,nyccas,2026-09-26 17:00:00.000,05:00 PM,4.81
Mott_Haven,nyccas,2026-09-26 18:00:00.000,06:00 PM,5.1
Mott_Haven,nyccas,2026-09-26 19:00:00.000,07:00 PM,5.42
Mott_Haven,nyccas,2026-09-26 20:00:00.000,08:00 PM,5.54
Mott_Haven,nyccas,2026-09-26 21:00:00.000,09:00 PM,5.36
Mott_Haven,nyccas,2026-09-26 22:00:00.000,10:00 PM,5.08
Mott_Haven,nyccas,2026-09-26 23:00:00.000,11:00 PM,4.99
Mott_Haven,nyccas,2026-09-27 00:00:00.000,12:00 AM,4.94
Mott_Haven,nyccas,2026-09-27 01:00:00.000,01:00 AM,4.56
Mott_Haven,nyccas,2026-09-27 02:00:00.000,02:00 AM,4.51
Mott_Haven,nyccas,2026-09-27 03:00:00.000,03:00 AM,4.57
Mott_Haven,nyccas,2026-09-27 04:00:00.000,04:00 AM,3.68
Mott_Haven,nyccas,2026-09-27 05:00:00.000,05:00 AM,2.65
Mott_Haven,nyccas,2026-09-27 06:00:00.000,06:00 AM,2.23
Mott_Haven,nyccas,2026-09-27 07:00:00.000,07:00 AM,2.23
Mott_Haven,nyccas,2026-09-27 08:00:00.000,08:00 AM,2.4
Mott_Haven,nyccas,2026-09-27 09:00:00.000,09:00 AM,2.2
Mott_Haven,nyccas,2026-09-27 10:00:00.000,10:00 AM,2.42
Mott_Haven,nyccas,2026-09-27 11:00:00.000,11:00 AM,2.89
Mott_Haven,nyccas,2026-09-27 12:00:00.000,12:00 PM,3.45
Mott_Haven,nyccas,2026-09-27 13:00:00.000,01:00 PM,3.54
Mott_Haven,nyccas,2026-09-27 14:00:00.000,02:00 PM,3.51
Mott_Haven,nyccas,2026-09-27 15:00:00.000,03:00 PM,3.18
Mott_Haven,nyccas,2026-09-27 16:00:00.000,04:00 PM,3.34
Mott_Haven,nyccas,2026-09-27 17:00:00.000,05:00 PM,3.5
Mott_Haven,nyccas,2026-09-27 18:00:00.000,06:00 PM,3.78
Mott_Haven,nyccas,2026-09-27 19:00:00.000,07:00 PM,3.82
Mott_Haven,nyccas,2026-09-27 20:00:00.000,08:00 PM,3.69
Mott_Haven,nyccas,2026-09-27 21:00:00.000,09:00 PM,3.23
Mott_Haven,nyccas,2026-09-27 22:00:00.000,10:00 PM,3.38
Mott_Haven,nyccas,2026-09-27 23:00:00.000,11:00 PM,3.08
Mott_Haven,nyccas,2026-09-28 00:00:00.000,12:00 AM,2.75
Mott_Haven,nyccas,2026-09-28 01:00:00.000,01:00 AM,2.33
Mott_Haven,nyccas,2026-09-28 02:00:00.000,02:00 AM,2.24
Mott_Haven,nyccas,2026-09-28 03:00:00.000,03:00 AM,2.26
Mott_Haven,nyccas,2026-09-28 04:00:00.000,04:00 AM,2.62
Mott_Haven,nyccas,2026-09-28 05:00:00.000,05:00 AM,2.66
Mott_Haven,nyccas,2026-09-28 06:00:00.000,06:00 AM,2.91
Mott_Haven,nyccas,2026-09-28 07:00:00.000,07:00 AM,3.42
Mott_Haven,nyccas,2026-09-28 08:00:00.000,08:00 AM,3.3
Mott_Haven,nyccas,2026-09-28 09:00:00.000,09:00 AM,3.63
Mott_Haven,nyccas,2026-09-28 10:00:00.000,10:00 AM,3.31
Mott_Haven,nyccas,2026-09-28 11:00:00.000,11:00 AM,3.1
Mott_Haven,nyccas,2026-09-28 12:00:00.000,12:00 PM,3.1
Mott_Haven,nyccas,2026-09-28 13:00:00.000,01:00 PM,3.46
Mott_Haven,nyccas,2026-09-28 14:00:00.000,02:00 PM,3.56
Mott_Haven,nyccas,2026-09-28 15:00:00.000,03:00 PM,3.58
Mott_Haven,nyccas,2026-09-28 16:00:00.000,04:00 PM,3.26
Mott_Haven,nyccas,2026-09-28 17:00:00.000,05:00 PM,3.56
Mott_Haven,nyccas,2026-09-28 18:00:00.000,06:00 PM,3.46
Mott_Haven,nyccas,2026-09-28 19:00:00.000,07:00 PM,3.69
Mott_Haven,nyccas,2026-09-28 20:00:00.000,08:00 PM,3.9
Mott_Haven,nyccas,2026-09-28 21:00:00.000,09:00 PM,3.79
Mott_Haven,nyccas,2026-09-28 22:00:00.000,10:00 PM,3.69
Mott_Haven,nyccas,2026-09-28 23:00:00.000,11:00 PM,3.94
Mott_Haven,nyccas,2026-09-29 00:00:00.000,12:00 AM,4.13
Mott_Haven,nyccas,2026-09-29 01:00:00.000,01:00 AM,3.49
Mott_Haven,nyccas,2026-09-29 02:00:00.000,02:00 AM,3.73
Mott_Haven,nyccas,2026-09-29 03:00:00.000,03:00 AM,3.58
Mott_Haven,nyccas,2026-09-29 04:00:00.000,04:00 AM,6.02
Mott_Haven,nyccas,2026-09-29 05:00:00.000,05:00 AM,5.95
Mott_Haven,nyccas,2026-09-29 06:00:00.000,06:00 AM,5.51
Mott_Haven,nyccas,2026-09-29 07:00:00.000,07:00 AM,5.89
Mott_Haven,nyccas,2026-09-29 08:00:00.000,08:00 AM,5.93
Mott_Haven,nyccas,2026-09-29 09:00:00.000,09:00 AM,5.35
Mott_Haven,nyccas,2026-09-29 10:00:00.000,10:00 AM,4.52
Mott_Haven,nyccas,2026-09-29 11:00:00.000,11:00 AM,4.15
Mott_Haven,nyccas,2026-09-29 12:00:00.000,12:00 PM,3.99
Mott_Haven,nyccas,2026-09-29 13:00:00.000,01:00 PM,3.99
Mott_Haven,nyccas,2026-09-29 14:00:00.000,02:00 PM,4.02
Mott_Haven,nyccas,2026-09-29 15:00:00.000,03:00 PM,4.36
Mott_Haven,nyccas,2026-09-29 16:00:00.000,04:00 PM,4.1
Mott_Haven,nyccas,2026-09-29 17:00:00.000,05:00 PM,3.92
Mott_Haven,nyccas,2026-09-29 18:00:00.000,06:00 PM,3.87
Mott_Haven,nyccas,2026-09-29 19:00:00.000,07:00 PM,3.86
Mott_Haven,nyccas,2026-09-29 20:00:00.000,08:00 PM,4.59
Mott_Haven,nyccas,2026-09-29 21:00:00.000,09:00 PM,4.37
Mott_Haven,nyccas,2026-09-29 22:00:00.000,10:00 PM,4.09
Mott_Haven,nyccas,2026-09-29 23:00:00.000,11:00 PM,3.94
Mott_Haven,nyccas,2026-09-30 00:00:00.000,12:00 AM,3.89
Mott_Haven,nyccas,2026-09-30 01:00:00.000,01:00 AM,3.7
Mott_Haven,nyccas,2026-09-30 02:00:00.000,02:00 AM,3.74
Mott_Haven,nyccas,2026-09-30 03:00:00.000,03:00 AM,3.78
Mott_Haven,nyccas,2026-09-30 04:00:00.000,04:00 AM,3.94
Mott_Haven,nyccas,2026-09-30 05:00:00.000,05:00 AM,4.0
Mott_Haven,nyccas,2026-09-30 06:00:00.000,06:00 AM,3.98
Mott_Haven,nyccas,2026-09-30 07:00:00.000,07:00 AM,4.26
Mott_Haven,nyccas,2026-09-30 08:00:00.000,08:00 AM,4.11
Mott_Haven,nyccas,2026-09-30 09:00:00.000,09:00 AM,4.25
Mott_Haven,nyccas,2026-09-30 10:00:00.000,10:00 AM,4.62
Mott_Haven,nyccas,2026-09-30 11:00:00.000,11:00 AM,5.42
Mott_Haven,nyccas,2026-09-30 12:00:00.000,12:00 PM,5.19
Mott_Haven,nyccas,2026-09-30 13:00:00.000,01:00 PM,6.36
Mott_Haven,nyccas,2026-09-30 14:00:00.000,02:00 PM,6.27
Mott_Haven,nyccas,2026-09-30 15:00:00.000,03:00 PM,7.62
Mott_Haven,nyccas,2026-09-30 16:00:00.000,04:00 PM,7.58
Mott_Haven,nyccas,2026-09-30 17:00:00.000,05:00 PM,7.44
Mott_Haven,nyccas,2026-09-30 18:00:00.000,06:00 PM,8.26
Mott_Haven,nyccas,2026-09-30 19:00:00.000,07:00 PM,8.63
Mott_Haven,nyccas,2026-09-30 20:00:00.000,08:00 PM,9.61
Mott_Haven,nyccas,2026-09-30 21:00:00.000,09:00 PM,9.71
Mott_Haven,nyccas,2026-09-30 22:00:00.000,10:00 PM,10.19
Mott_Haven,nyccas,2026-09-30 23:00:00.000,11:00 PM,11.12
Mott_Haven,nyccas,2026-10-01 00:00:00.000,12:00 AM,12.65
Mott_Haven,nyccas,2026-10-01 01:00:00.000,01:00 AM,11.83
Mott_Haven,nyccas,2026-10-01 02:00:00.000,02:00 AM,8.28
Mott_Haven,nyccas,2026-10-01 03:00:00.000,03:00 AM,8.18
Mott_Haven,nyccas,2026-10-01 04:00:00.000,04:00 AM,8.56
Mott_Haven,nyccas,2026-10-01 05:00:00.000,05:00 AM,9.74
Mott_Haven,nyccas,2026-10-01 06:00:00.000,06:00 AM,10.56
Mott_Haven,nyccas,2026-10-01 07:00:00.000,07:00 AM,12.11
Mott_Haven,nyccas,2026-10-01 08:00:00.000,08:00 AM,13.65
Mott_Haven,nyccas,2026-10-01 09:00:00.000,09:00 AM,16.82
Mott_Haven,nyccas,2026-10-01 10:00:00.000,10:00 AM,17.66
Mott_Haven,nyccas,2026-10-01 11:00:00.000,11:00 AM,16.13
Mott_Haven,nyccas,2026-10-01 12:00:00.000,12:00 PM,16.68
Mott_Haven,nyccas,2026-10-01 13:00:00.000,01:00 PM,14.48
Mott_Haven,nyccas,2026-10-01 14:00:00.000,02:00 PM,13.85
Mott_Haven,nyccas,2026-10-01 15:00:00.000,03:00 PM,13.7
Mott_Haven,nyccas,2026-10-01 16:00:00.000,04:00 PM,13.44
Mott_Haven,nyccas,2026-10-01 17:00:00.000,05:00 PM,13.87
Mott_Haven,nyccas,2026-10-01 18:00:00.000,06:00 PM,13.58
Mott_Haven,nyccas,2026-10-01 19:00:00.000,07:00 PM,15.27
Mott_Haven,nyccas,2026-10-01 20:00:00.000,08:00 PM,18.5
Mott_Haven,nyccas,2026-10-01 21:00:00.000,09:00 PM,17.6
Mott_Haven,nyccas,2026-10-01 22:00:00.000,10:00 PM,12.03
Mott_Haven,nyccas,2026-10-01 23:00:00.000,11:00 PM,11.92
Mott_Haven,nyccas,2026-10-02 00:00:00.000,12:00 AM,12.43
Mott_Haven,nyccas,2026-10-02 01:00:00.000,01:00 AM,12.01
Mott_Haven,nyccas,2026-10-02 02:00:00.000,02:00 AM,12.56
Mott_Haven,nyccas,2026-10-02 03:00:00.000,03:00 AM,12.57
Mott_Haven,nyccas,2026-10-02 04:00:00.000,04:00 AM,12.98
Mott_Haven,nyccas,2026-10-02 05:00:00.000,05:00 AM,15.35
Mott_Haven,nyccas,2026-10-02 06:00:00.000,06:00 AM,16.58
Mott_Haven,nyccas,2026-10-02 07:00:00.000,07:00 AM,17.94
Mott_Haven,nyccas,2026-10-02 08:00:00.000,08:00 AM,18.52
Mott_Haven,nyccas,2026-10-02 09:00:00.000,09:00 AM,18.42
Mott_Haven,nyccas,2026-10-02 10:00:00.000,10:00 AM,16.69
Mott_Haven,nyccas,2026-10-02 11:00:00.000,11:00 AM,16.36
Mott_Haven,nyccas,2026-10-02 12:00:00.000,12:00 PM,14.23
Mott_Haven,nyccas,2026-10-02 13:00:00.000,01:00 PM,13.97
Mott_Haven,nyccas,2026-10-02 14:00:00.000,02:00 PM,13.35
Mott_Haven,nyccas,2026-10-02 15:00:00.000,03:00 PM,13.5
Mott_Haven,nyccas,2026-10-02 16:00:00.000,04:00 PM,12.25
Mott_Haven,nyccas,2026-10-02 17:00:00.000,05:00 PM,11.92
Mott_Haven,nyccas,2026-10-02 18:00:00.000,06:00 PM,13.27
Mott_Haven,nyccas,2026-10-02 19:00:00.000,07:00 PM,8.91
Mott_Haven,nyccas,2026-10-02 20:00:00.000,08:00 PM,5.42
Mott_Haven,nyccas,2026-10-02 21:00:00.000,09:00 PM,3.94
Mott_Haven,nyccas,2026-10-02 22:00:00.000,10:00 PM,3.71
Mott_Haven,nyccas,2026-10-02 23:00:00.000,11:00 PM,3.48
Mott_Haven,nyccas,2026-10-03 00:00:00.000,12:00 AM,3.53
Mott_Haven,nyccas,2026-10-03 01:00:00.000,01:00 AM,4.06
Mott_Haven,nyccas,2026-10-03 02:00:00.000,02:00 AM,4.25
Mott_Haven,nyccas,2026-10-03 03:00:00.000,03:00 AM,4.8
Mott_Haven,nyccas,2026-10-03 04:00:00.000,04:00 AM,4.63
Mott_Haven,nyccas,2026-10-03 05:00:00.000,05:00 AM,4.88
Queens_College,nyccas,2026-09-25 03:00:00.000,03:00 AM,3.06
Queens_College,nyccas,2026-09-25 04:00:00.000,04:00 AM,3.16
Queens_College,nyccas,2026-09-25 05:00:00.000,05:00 AM,2.93
Queens_College,nyccas,2026-09-25 06:00:00.000,06:00 AM,2.86
Queens_College,nyccas,2026-09-25 07:00:00.000,07:00 AM,2.87
Queens_College,nyccas,2026-09-25 08:00:00.000,08:00 AM,3.32
Queens_College,nyccas,2026-09-25 09:00:00.000,09:00 AM,3.52
Queens_College,nyccas,2026-09-25 10:00:00.000,10:00 AM,3.1
Queens_College,nyccas,2026-09-25 11:00:00.000,11:00 AM,2.87
Queens_College,nyccas,2026-09-25 12:00:00.000,12:00 PM,3.53
Queens_College,nyccas,2026-09-25 13:00:00.000,01:00 PM,3.75
Queens_College,nyccas,2026-09-25 14:00:00.000,02:00 PM,3.73
Queens_College,nyccas,2026-09-25 15:00:00.000,03:00 PM,3.82
Queens_College,nyccas,2026-09-25 16:00:00.000,04:00 PM,3.19
Queens_College,nyccas,2026-09-25 17:00:00.000,05:00 PM,3.16
Queens_College,nyccas,2026-09-25 18:00:00.000,06:00 PM,3.2
Queens_College,nyccas,2026-09-25 19:00:00.000,07:00 PM,3.44
Queens_College,nyccas,2026-09-25 20:00:00.000,08:00 PM,3.46
Queens_College,nyccas,2026-09-25 21:00:00.000,09:00 PM,3.44
Queens_College,nyccas,2026-09-25 22:00:00.000,10:00 PM,3.82
Queens_College,nyccas,2026-09-25 23:00:00.000,11:00 PM,3.84
Queens_College,nyccas,2026-09-26 00:00:00.000,12:00 AM,3.29
Queens_College,nyccas,2026-09-26 01:00:00.000,01:00 AM,3.22
Queens_College,nyccas,2026-09-26 02:00:00.000,02:00 AM,3.27
Queens_College,nyccas,2026-09-26 03:00:00.000,03:00 AM,3.3
Queens_College,nyccas,2026-09-26 04:00:00.000,04:00 AM,3.63
Queens_College,nyccas,2026-09-26 05:00:00.000,05:00 AM,3.57
Queens_College,nyccas,2026-09-26 06:00:00.000,06:00 AM,3.61
Queens_College,nyccas,2026-09-26 07:00:00.000,07:00 AM,3.9
Queens_College,nyccas,2026-09-26 08:00:00.000,08:00 AM,4.3
Queens_College,nyccas,2026-09-26 09:00:00.000,09:00 AM,4.09
Queens_College,nyccas,2026-09-26 10:00:00.000,10:00 AM,3.92
Queens_College,nyccas,2026-09-26 11:00:00.000,11:00 AM,4.0
Queens_College,nyccas,2026-09-26 12:00:00.000,12:00 PM,4.18
Queens_College,nyccas,2026-09-26 13:00:00.000,01:00 PM,4.83
Queens_College,nyccas,2026-09-26 14:00:00.000,02:00 PM,4.44
Queens_College,nyccas,2026-09-26 15:00:00.000,03:00 PM,3.96
Queens_College,nyccas,2026-09-26 16:00:00.000,04:00 PM,3.34
Queens_College,nyccas,2026-09-26 17:00:00.000,05:00 PM,3.32
Queens_College,nyccas,2026-09-26 18:00:00.000,06:00 PM,3.29
Queens_College,nyccas,2026-09-26 19:00:00.000,07:00 PM,3.32
Queens_College,nyccas,2026-09-26 20:00:00.000,08:00 PM,3.9
Queens_College,nyccas,2026-09-26 21:00:00.000,09:00 PM,3.83
Queens_College,nyccas,2026-09-26 22:00:00.000,10:00 PM,3.68
Queens_College,nyccas,2026-09-26 23:00:00.000,11:00 PM,3.41
Queens_College,nyccas,2026-09-27 00:00:00.000,12:00 AM,3.0
Queens_College,nyccas,2026-09-27 01:00:00.000,01:00 AM,3.03
Queens_College,nyccas,2026-09-27 02:00:00.000,02:00 AM,2.88
Queens_College,nyccas,2026-09-27 03:00:00.000,03:00 AM,2.51
Queens_College,nyccas,2026-09-27 04:00:00.000,04:00 AM,2.25
Queens_College,nyccas,2026-09-27 05:00:00.000,05:00 AM,2.19
Queens_College,nyccas,2026-09-27 06:00:00.000,06:00 AM,2.19
Queens_College,nyccas,2026-09-27 07:00:00.000,07:00 AM,2.19
Queens_College,nyccas,2026-09-27 08:00:00.000,08:00 AM,2.19
Queens_College,nyccas,2026-09-27 09:00:00.000,09:00 AM,2.24
Queens_College,nyccas,2026-09-27 10:00:00.000,10:00 AM,2.59
Queens_College,nyccas,2026-09-27 11:00:00.000,11:00 AM,3.27
Queens_College,nyccas,2026-09-27 12:00:00.000,12:00 PM,3.07
Queens_College,nyccas,2026-09-27 13:00:00.000,01:00 PM,2.88
Queens_College,nyccas,2026-09-27 14:00:00.000,02:00 PM,3.0
Queens_College,nyccas,2026-09-27 15:00:00.000,03:00 PM,2.22
Queens_College,nyccas,2026-09-27 16:00:00.000,04:00 PM,2.19
Queens_College,nyccas,2026-09-27 17:00:00.000,05:00 PM,2.19
Queens_College,nyccas,2026-09-27 18:00:00.000,06:00 PM,2.19
Queens_College,nyccas,2026-09-27 19:00:00.000,07:00 PM,2.19
Queens_College,nyccas,2026-09-27 20:00:00.000,08:00 PM,2.19
Queens_College,nyccas,2026-09-27 21:00:00.000,09:00 PM,2.19
Queens_College,nyccas,2026-09-27 22:00:00.000,10:00 PM,2.19
Queens_College,nyccas,2026-09-27 23:00:00.000,11:00 PM,2.19
Queens_College,nyccas,2026-09-28 00:00:00.000,12:00 AM,2.19
Queens_College,nyccas,2026-09-28 01:00:00.000,01:00 AM,2.19
Queens_College,nyccas,2026-09-28 02:00:00.000,02:00 AM,2.19
Queens_College,nyccas,2026-09-28 03:00:00.000,03:00 AM,2.19
Queens_College,nyccas,2026-09-28 04:00:00.000,04:00 AM,2.19
Queens_College,nyccas,2026-09-28 05:00:00.000,05:00 AM,2.19
Queens_College,nyccas,2026-09-28 06:00:00.000,06:00 AM,2.19
Queens_College,nyccas,2026-09-28 07:00:00.000,07:00 AM,2.19
Queens_College,nyccas,2026-09-28 08:00:00.000,08:00 AM,2.19
Queens_College,nyccas,2026-09-28 09:00:00.000,09:00 AM,2.19
Queens_College,nyccas,2026-09-28 10:00:00.000,10:00 AM,2.27
Queens_College,nyccas,2026-09-28 11:00:00.000,11:00 AM,2.64
Queens_College,nyccas,2026-09-28 12:00:00.000,12:00 PM,2.38
Queens_College,nyccas,2026-09-28 13:00:00.000,01:00 PM,2.84
Queens_College,nyccas,2026-09-28 14:00:00.000,02:00 PM,3.4
Queens_College,nyccas,2026-09-28 15:00:00.000,03:00 PM,4.04
Queens_College,nyccas,2026-09-28 16:00:00.000,04:00 PM,2.48
Queens_College,nyccas,2026-09-28 17:00:00.000,05:00 PM,2.77
Queens_College,nyccas,2026-09-28 18:00:00.000,06:00 PM,3.09
Queens_College,nyccas,2026-09-28 19:00:00.000,07:00 PM,2.83
Queens_College,nyccas,2026-09-28 20:00:00.000,08:00 PM,3.68
Queens_College,nyccas,2026-09-28 21:00:00.000,09:00 PM,3.38
Queens_College,nyccas,2026-09-28 22:00:00.000,10:00 PM,3.24
Queens_College,nyccas,2026-09-28 23:00:00.000,11:00 PM,3.23
Queens_College,nyccas,2026-09-29 00:00:00.000,12:00 AM,3.34
Queens_College,nyccas,2026-09-29 01:00:00.000,01:00 AM,3.07
Queens_College,nyccas,2026-09-29 02:00:00.000,02:00 AM,2.78
Queens_College,nyccas,2026-09-29 03:00:00.000,03:00 AM,3.06
Queens_College,nyccas,2026-09-29 04:00:00.000,04:00 AM,2.71
Queens_College,nyccas,2026-09-29 05:00:00.000,05:00 AM,3.33
Queens_College,nyccas,2026-09-29 06:00:00.000,06:00 AM,3.93
Queens_College,nyccas,2026-09-29 07:00:00.000,07:00 AM,4.86
Queens_College,nyccas,2026-09-29 08:00:00.000,08:00 AM,5.51
Queens_College,nyccas,2026-09-29 09:00:00.000,09:00 AM,5.38
Queens_College,nyccas,2026-09-29 10:00:00.000,10:00 AM,4.35
Queens_College,nyccas,2026-09-29 11:00:00.000,11:00 AM,3.74
Queens_College,nyccas,2026-09-29 12:00:00.000,12:00 PM,3.46
Queens_College,nyccas,2026-09-29 13:00:00.000,01:00 PM,3.29
Queens_College,nyccas,2026-09-29 14:00:00.000,02:00 PM,3.45
Queens_College,nyccas,2026-09-29 15:00:00.000,03:00 PM,3.49
Queens_College,nyccas,2026-09-29 16:00:00.000,04:00 PM,3.91
Queens_College,nyccas,2026-09-29 17:00:00.000,05:00 PM,3.47
Queens_College,nyccas,2026-09-29 18:00:00.000,06:00 PM,3.76
Queens_College,nyccas,2026-09-29 19:00:00.000,07:00 PM,3.9
Queens_College,nyccas,2026-09-29 20:00:00.000,08:00 PM,3.91
Queens_College,nyccas,2026-09-29 21:00:00.000,09:00 PM,3.3
Queens_College,nyccas,2026-09-29 22:00:00.000,10:00 PM,3.28
Queens_College,nyccas,2026-09-29 23:00:00.000,11:00 PM,3.24
Queens_College,nyccas,2026-09-30 00:00:00.000,12:00 AM,3.7
Queens_College,nyccas,2026-09-30 01:00:00.000,01:00 AM,3.6
Queens_College,nyccas,2026-09-30 02:00:00.000,02:00 AM,3.36
Queens_College,nyccas,2026-09-30 03:00:00.000,03:00 AM,3.34
Queens_College,nyccas,2026-09-30 04:00:00.000,04:00 AM,3.32
Queens_College,nyccas,2026-09-30 05:00:00.000,05:00 AM,3.5
Queens_College,nyccas,2026-09-30 06:00:00.000,06:00 AM,3.56
Queens_College,nyccas,2026-09-30 07:00:00.000,07:00 AM,3.69
Queens_College,nyccas,2026-09-30 08:00:00.000,08:00 AM,4.03
Queens_College,nyccas,2026-09-30 09:00:00.000,09:00 AM,4.12
Queens_College,nyccas,2026-09-30 10:00:00.000,10:00 AM,4.63
Queens_College,nyccas,2026-09-30 11:00:00.000,11:00 AM,4.71
Queens_College,nyccas,2026-09-30 12:00:00.000,12:00 PM,5.04
Queens_College,nyccas,2026-09-30 13:00:00.000,01:00 PM,5.94
Queens_College,nyccas,2026-09-30 14:00:00.000,02:00 PM,6.19
Queens_College,nyccas,2026-09-30 15:00:00.000,03:00 PM,6.08
Queens_College,nyccas,2026-09-30 16:00:00.000,04:00 PM,6.1
Queens_College,nyccas,2026-09-30 17:00:00.000,05:00 PM,6.21
Queens_College,nyccas,2026-09-30 18:00:00.000,06:00 PM,6.24
Queens_College,nyccas,2026-09-30 19:00:00.000,07:00 PM,6.56
Queens_College,nyccas,2026-09-30 20:00:00.000,08:00 PM,6.15
Queens_College,nyccas,2026-09-30 21:00:00.000,09:00 PM,6.66
Queens_College,nyccas,2026-09-30 22:00:00.000,10:00 PM,7.21
Queens_College,nyccas,2026-09-30 23:00:00.000,11:00 PM,7.76
Queens_College,nyccas,2026-10-01 00:00:00.000,12:00 AM,7.27
Queens_College,nyccas,2026-10-01 01:00:00.000,01:00 AM,6.96
Queens_College,nyccas,2026-10-01 02:00:00.000,02:00 AM,6.39
Queens_College,nyccas,2026-10-01 03:00:00.000,03:00 AM,5.69
Queens_College,nyccas,2026-10-01 04:00:00.000,04:00 AM,5.69
Queens_College,nyccas,2026-10-01 05:00:00.000,05:00 AM,5.9
Queens_College,nyccas,2026-10-01 06:00:00.000,06:00 AM,6.54
Queens_College,nyccas,2026-10-01 07:00:00.000,07:00 AM,7.38
Queens_College,nyccas,2026-10-01 08:00:00.000,08:00 AM,8.93
Queens_College,nyccas,2026-10-01 09:00:00.000,09:00 AM,9.44
Queens_College,nyccas,2026-10-01 10:00:00.000,10:00 AM,9.14
Queens_College,nyccas,2026-10-01 11:00:00.000,11:00 AM,8.79
Queens_College,nyccas,2026-10-01 12:00:00.000,12:00 PM,9.05
Queens_College,nyccas,2026-10-01 13:00:00.000,01:00 PM,9.53
Queens_College,nyccas,2026-10-01 14:00:00.000,02:00 PM,9.52
Queens_College,nyccas,2026-10-01 15:00:00.000,03:00 PM,8.86
Queens_College,nyccas,2026-10-01 16:00:00.000,04:00 PM,8.07
Queens_College,nyccas,2026-10-01 17:00:00.000,05:00 PM,7.74
Queens_College,nyccas,2026-10-01 18:00:00.000,06:00 PM,8.23
Queens_College,nyccas,2026-10-01 19:00:00.000,07:00 PM,9.14
Queens_College,nyccas,2026-10-01 20:00:00.000,08:00 PM,9.99
Queens_College,nyccas,2026-10-01 21:00:00.000,09:00 PM,9.68
Queens_College,nyccas,2026-10-01 22:00:00.000,10:00 PM,9.42
Queens_College,nyccas,2026-10-01 23:00:00.000,11:00 PM,9.95
Queens_College,nyccas,2026-10-02 00:00:00.000,12:00 AM,10.03
Queens_College,nyccas,2026-10-02 01:00:00.000,01:00 AM,9.69
Queens_College,nyccas,2026-10-02 02:00:00.000,02:00 AM,9.8
Queens_College,nyccas,2026-10-02 03:00:00.000,03:00 AM,10.36
Queens_College,nyccas,2026-10-02 04:00:00.000,04:00 AM,10.52
Queens_College,nyccas,2026-10-02 05:00:00.000,05:00 AM,10.94
Queens_College,nyccas,2026-10-02 06:00:00.000,06:00 AM,11.77
Queens_College,nyccas,2026-10-02 07:00:00.000,07:00 AM,12.48
Queens_College,nyccas,2026-10-02 08:00:00.000,08:00 AM,13.62
Queens_College,nyccas,2026-10-02 09:00:00.000,09:00 AM,13.76
Queens_College,nyccas,2026-10-02 10:00:00.000,10:00 AM,12.84
Queens_College,nyccas,2026-10-02 11:00:00.000,11:00 AM,11.47
Queens_College,nyccas,2026-10-02 12:00:00.000,12:00 PM,10.97
Queens_College,nyccas,2026-10-02 13:00:00.000,01:00 PM,11.08
Queens_College,nyccas,2026-10-02 14:00:00.000,02:00 PM,11.01
Queens_College,nyccas,2026-10-02 15:00:00.000,03:00 PM,11.33
Queens_College,nyccas,2026-10-02 16:00:00.000,04:00 PM,10.49
Queens_College,nyccas,2026-10-02 17:00:00.000,05:00 PM,9.7
Queens_College,nyccas,2026-10-02 18:00:00.000,06:00 PM,10.65
Queens_College,nyccas,2026-10-02 19:00:00.000,07:00 PM,10.25
Queens_College,nyccas,2026-10-02 20:00:00.000,08:00 PM,5.21
Queens_College,nyccas,2026-10-02 21:00:00.000,09:00 PM,3.36
Queens_College,nyccas,2026-10-02 22:00:00.000,10:00 PM,2.63
Queens_College,nyccas,2026-10-02 23:00:00.000,11:00 PM,2.19
Queens_College,nyccas,2026-10-03 00:00:00.000,12:00 AM,2.67
Queens_College,nyccas,2026-10-03 01:00:00.000,01:00 AM,2.28
Queens_College,nyccas,2026-10-03 02:00:00.000,02:00 AM,2.19
Queens_College,nyccas,2026-10-03 03:00:00.000,03:00 AM,2.19
Queens_College,nyccas,2026-10-03 04:00:00.000,04:00 AM,3.81
Queens_College,nyccas,2026-10-03 05:00:00.000,05:00 AM,4.33
Queensboro_Bridge,nyccas,2026-09-25 03:00:00.000,03:00 AM,3.18
Queensboro_Bridge,nyccas,2026-09-25 04:00:00.000,04:00 AM,3.45
Queensboro_Bridge,nyccas,2026-09-25 05:00:00.000,05:00 AM,3.72
Queensboro_Bridge,nyccas,2026-09-25 06:00:00.000,06:00 AM,4.08
Queensboro_Bridge,nyccas,2026-09-25 07:00:00.000,07:00 AM,4.58
Queensboro_Bridge,nyccas,2026-09-25 08:00:00.000,08:00 AM,4.55
Queensboro_Bridge,nyccas,2026-09-25 09:00:00.000,09:00 AM,4.96
Queensboro_Bridge,nyccas,2026-09-25 10:00:00.000,10:00 AM,5.56
Queensboro_Bridge,nyccas,2026-09-25 11:00:00.000,11:00 AM,6.57
Queensboro_Bridge,nyccas,2026-09-25 12:00:00.000,12:00 PM,5.5
Queensboro_Bridge,nyccas,2026-09-25 13:00:00.000,01:00 PM,5.54
Queensboro_Bridge,nyccas,2026-09-25 14:00:00.000,02:00 PM,4.85
Queensboro_Bridge,nyccas,2026-09-25 15:00:00.000,03:00 PM,4.98
Queensboro_Bridge,nyccas,2026-09-25 16:00:00.000,04:00 PM,4.6
Queensboro_Bridge,nyccas,2026-09-25 17:00:00.000,05:00 PM,4.18
Queensboro_Bridge,nyccas,2026-09-25 18:00:00.000,06:00 PM,4.68
Queensboro_Bridge,nyccas,2026-09-25 19:00:00.000,07:00 PM,4.11
Queensboro_Bridge,nyccas,2026-09-25 20:00:00.000,08:00 PM,4.11
Queensboro_Bridge,nyccas,2026-09-25 21:00:00.000,09:00 PM,3.42
Queensboro_Bridge,nyccas,2026-09-25 22:00:00.000,10:00 PM,2.82
Queensboro_Bridge,nyccas,2026-09-25 23:00:00.000,11:00 PM,2.2
Queensboro_Bridge,nyccas,2026-09-26 00:00:00.000,12:00 AM,3.71
Queensboro_Bridge,nyccas,2026-09-26 01:00:00.000,01:00 AM,4.26
Queensboro_Bridge,nyccas,2026-09-26 02:00:00.000,02:00 AM,4.24
Queensboro_Bridge,nyccas,2026-09-26 03:00:00.000,03:00 AM,4.28
Queensboro_Bridge,nyccas,2026-09-26 04:00:00.000,04:00 AM,3.74
Queensboro_Bridge,nyccas,2026-09-26 05:00:00.000,05:00 AM,3.93
Queensboro_Bridge,nyccas,2026-09-26 06:00:00.000,06:00 AM,4.12
Queensboro_Bridge,nyccas,2026-09-26 07:00:00.000,07:00 AM,3.94
Queensboro_Bridge,nyccas,2026-09-26 08:00:00.000,08:00 AM,3.97
Queensboro_Bridge,nyccas,2026-09-26 09:00:00.000,09:00 AM,4.5
Queensboro_Bridge,nyccas,2026-09-26 10:00:00.000,10:00 AM,5.3
Queensboro_Bridge,nyccas,2026-09-26 11:00:00.000,11:00 AM,5.37
Queensboro_Bridge,nyccas,2026-09-26 12:00:00.000,12:00 PM,4.53
Queensboro_Bridge,nyccas,2026-09-26 13:00:00.000,01:00 PM,5.53
Queensboro_Bridge,nyccas,2026-09-26 14:00:00.000,02:00 PM,5.34
Queensboro_Bridge,nyccas,2026-09-26 15:00:00.000,03:00 PM,4.99
Queensboro_Bridge,nyccas,2026-09-26 16:00:00.000,04:00 PM,3.64
Queensboro_Bridge,nyccas,2026-09-26 17:00:00.000,05:00 PM,3.39
Queensboro_Bridge,nyccas,2026-09-26 18:00:00.000,06:00 PM,2.98
Queensboro_Bridge,nyccas,2026-09-26 19:00:00.000,07:00 PM,2.59
Queensboro_Bridge,nyccas,2026-09-26 20:00:00.000,08:00 PM,3.72
Queensboro_Bridge,nyccas,2026-09-26 21:00:00.000,09:00 PM,3.59
Queensboro_Bridge,nyccas,2026-09-26 22:00:00.000,10:00 PM,3.43
Queensboro_Bridge,nyccas,2026-09-26 23:00:00.000,11:00 PM,3.16
Queensboro_Bridge,nyccas,2026-09-27 00:00:00.000,12:00 AM,3.85
Queensboro_Bridge,nyccas,2026-09-27 01:00:00.000,01:00 AM,3.85
Queensboro_Bridge,nyccas,2026-09-27 02:00:00.000,02:00 AM,3.65
Queensboro_Bridge,nyccas,2026-09-27 03:00:00.000,03:00 AM,3.06
Queensboro_Bridge,nyccas,2026-09-27 04:00:00.000,04:00 AM,2.85
Queensboro_Bridge,nyccas,2026-09-27 05:00:00.000,05:00 AM,2.67
Queensboro_Bridge,nyccas,2026-09-27 06:00:00.000,06:00 AM,2.61
Queensboro_Bridge,nyccas,2026-09-27 07:00:00.000,07:00 AM,2.8
Queensboro_Bridge,nyccas,2026-09-27 08:00:00.000,08:00 AM,2.3
Queensboro_Bridge,nyccas,2026-09-27 09:00:00.000,09:00 AM,2.98
Queensboro_Bridge,nyccas,2026-09-27 10:00:00.000,10:00 AM,3.54
Queensboro_Bridge,nyccas,2026-09-27 11:00:00.000,11:00 AM,3.39
Queensboro_Bridge,nyccas,2026-09-27 12:00:00.000,12:00 PM,3.84
Queensboro_Bridge,nyccas,2026-09-27 13:00:00.000,01:00 PM,3.93
Queensboro_Bridge,nyccas,2026-09-27 14:00:00.000,02:00 PM,3.72
Queensboro_Bridge,nyccas,2026-09-27 15:00:00.000,03:00 PM,3.45
Queensboro_Bridge,nyccas,2026-09-27 16:00:00.000,04:00 PM,3.49
Queensboro_Bridge,nyccas,2026-09-27 17:00:00.000,05:00 PM,3.61
Queensboro_Bridge,nyccas,2026-09-27 18:00:00.000,06:00 PM,3.39
Queensboro_Bridge,nyccas,2026-09-27 19:00:00.000,07:00 PM,3.93
Queensboro_Bridge,nyccas,2026-09-27 20:00:00.000,08:00 PM,3.23
Queensboro_Bridge,nyccas,2026-09-27 21:00:00.000,09:00 PM,2.69
Queensboro_Bridge,nyccas,2026-09-27 22:00:00.000,10:00 PM,2.6
Queensboro_Bridge,nyccas,2026-09-27 23:00:00.000,11:00 PM,2.44
Queensboro_Bridge,nyccas,2026-09-28 00:00:00.000,12:00 AM,2.24
Queensboro_Bridge,nyccas,2026-09-28 01:00:00.000,01:00 AM,2.28
Queensboro_Bridge,nyccas,2026-09-28 02:00:00.000,02:00 AM,2.21
Queensboro_Bridge,nyccas,2026-09-28 03:00:00.000,03:00 AM,2.19
Queensboro_Bridge,nyccas,2026-09-28 04:00:00.000,04:00 AM,2.27
Queensboro_Bridge,nyccas,2026-09-28 05:00:00.000,05:00 AM,2.36
Queensboro_Bridge,nyccas,2026-09-28 06:00:00.000,06:00 AM,2.26
Queensboro_Bridge,nyccas,2026-09-28 07:00:00.000,07:00 AM,2.34
Queensboro_Bridge,nyccas,2026-09-28 08:00:00.000,08:00 AM,2.69
Queensboro_Bridge,nyccas,2026-09-28 09:00:00.000,09:00 AM,3.07
Queensboro_Bridge,nyccas,2026-09-28 10:00:00.000,10:00 AM,3.2
Queensboro_Bridge,nyccas,2026-09-28 11:00:00.000,11:00 AM,3.5
Queensboro_Bridge,nyccas,2026-09-28 12:00:00.000,12:00 PM,3.02
Queensboro_Bridge,nyccas,2026-09-28 13:00:00.000,01:00 PM,3.56
Queensboro_Bridge,nyccas,2026-09-28 14:00:00.000,02:00 PM,3.91
Queensboro_Bridge,nyccas,2026-09-28 15:00:00.000,03:00 PM,4.13
Queensboro_Bridge,nyccas,2026-09-28 16:00:00.000,04:00 PM,3.05
Queensboro_Bridge,nyccas,2026-09-28 17:00:00.000,05:00 PM,3.88
Queensboro_Bridge,nyccas,2026-09-28 18:00:00.000,06:00 PM,4.13
Queensboro_Bridge,nyccas,2026-09-28 19:00:00.000,07:00 PM,4.26
Queensboro_Bridge,nyccas,2026-09-28 20:00:00.000,08:00 PM,4.4
Queensboro_Bridge,nyccas,2026-09-28 21:00:00.000,09:00 PM,3.61
Queensboro_Bridge,nyccas,2026-09-28 22:00:00.000,10:00 PM,3.7
Queensboro_Bridge,nyccas,2026-09-28 23:00:00.000,11:00 PM,3.13
Queensboro_Bridge,nyccas,2026-09-29 00:00:00.000,12:00 AM,3.02
Queensboro_Bridge,nyccas,2026-09-29 01:00:00.000,01:00 AM,2.83
Queensboro_Bridge,nyccas,2026-09-29 02:00:00.000,02:00 AM,2.67
Queensboro_Bridge,nyccas,2026-09-29 03:00:00.000,03:00 AM,2.62
Queensboro_Bridge,nyccas,2026-09-29 04:00:00.000,04:00 AM,3.25
Queensboro_Bridge,nyccas,2026-09-29 05:00:00.000,05:00 AM,3.91
Queensboro_Bridge,nyccas,2026-09-29 06:00:00.000,06:00 AM,4.25
Queensboro_Bridge,nyccas,2026-09-29 07:00:00.000,07:00 AM,4.38
Queensboro_Bridge,nyccas,2026-09-29 08:00:00.000,08:00 AM,4.76
Queensboro_Bridge,nyccas,2026-09-29 09:00:00.000,09:00 AM,5.27
Queensboro_Bridge,nyccas,2026-09-29 10:00:00.000,10:00 AM,5.75
Queensboro_Bridge,nyccas,2026-09-29 11:00:00.000,11:00 AM,6.44
Queensboro_Bridge,nyccas,2026-09-29 12:00:00.000,12:00 PM,3.36
Queensboro_Bridge,nyccas,2026-09-29 13:00:00.000,01:00 PM,3.25
Queensboro_Bridge,nyccas,2026-09-29 14:00:00.000,02:00 PM,2.63
Queensboro_Bridge,nyccas,2026-09-29 15:00:00.000,03:00 PM,4.23
Queensboro_Bridge,nyccas,2026-09-29 16:00:00.000,04:00 PM,3.7
Queensboro_Bridge,nyccas,2026-09-29 17:00:00.000,05:00 PM,3.3
Queensboro_Bridge,nyccas,2026-09-29 18:00:00.000,06:00 PM,3.83
Queensboro_Bridge,nyccas,2026-09-29 19:00:00.000,07:00 PM,4.49
Queensboro_Bridge,nyccas,2026-09-29 20:00:00.000,08:00 PM,4.39
Queensboro_Bridge,nyccas,2026-09-29 21:00:00.000,09:00 PM,4.75
Queensboro_Bridge,nyccas,2026-09-29 22:00:00.000,10:00 PM,3.35
Queensboro_Bridge,nyccas,2026-09-29 23:00:00.000,11:00 PM,2.94
Queensboro_Bridge,nyccas,2026-09-30 00:00:00.000,12:00 AM,3.4
Queensboro_Bridge,nyccas,2026-09-30 01:00:00.000,01:00 AM,3.36
Queensboro_Bridge,nyccas,2026-09-30 02:00:00.000,02:00 AM,3.38
Queensboro_Bridge,nyccas,2026-09-30 03:00:00.000,03:00 AM,3.35
Queensboro_Bridge,nyccas,2026-09-30 04:00:00.000,04:00 AM,3.16
Queensboro_Bridge,nyccas,2026-09-30 05:00:00.000,05:00 AM,3.36
Queensboro_Bridge,nyccas,2026-09-30 06:00:00.000,06:00 AM,3.19
Queensboro_Bridge,nyccas,2026-09-30 07:00:00.000,07:00 AM,3.42
Queensboro_Bridge,nyccas,2026-09-30 08:00:00.000,08:00 AM,4.19
Queensboro_Bridge,nyccas,2026-09-30 09:00:00.000,09:00 AM,4.64
Queensboro_Bridge,nyccas,2026-09-30 10:00:00.000,10:00 AM,6.52
Queensboro_Bridge,nyccas,2026-09-30 11:00:00.000,11:00 AM,7.38
Queensboro_Bridge,nyccas,2026-09-30 12:00:00.000,12:00 PM,5.36
Queensboro_Bridge,nyccas,2026-09-30 13:00:00.000,01:00 PM,5.93
Queensboro_Bridge,nyccas,2026-09-30 14:00:00.000,02:00 PM,5.83
Queensboro_Bridge,nyccas,2026-09-30 15:00:00.000,03:00 PM,6.16
Queensboro_Bridge,nyccas,2026-09-30 16:00:00.000,04:00 PM,5.78
Queensboro_Bridge,nyccas,2026-09-30 17:00:00.000,05:00 PM,7.32
Queensboro_Bridge,nyccas,2026-09-30 18:00:00.000,06:00 PM,7.59
Queensboro_Bridge,nyccas,2026-09-30 19:00:00.000,07:00 PM,15.46
Queensboro_Bridge,nyccas,2026-09-30 20:00:00.000,08:00 PM,9.18
Queensboro_Bridge,nyccas,2026-09-30 21:00:00.000,09:00 PM,8.7
Queensboro_Bridge,nyccas,2026-09-30 22:00:00.000,10:00 PM,9.31
Queensboro_Bridge,nyccas,2026-09-30 23:00:00.000,11:00 PM,10.13
Queensboro_Bridge,nyccas,2026-10-01 00:00:00.000,12:00 AM,9.39
Queensboro_Bridge,nyccas,2026-10-01 01:00:00.000,01:00 AM,7.28
Queensboro_Bridge,nyccas,2026-10-01 02:00:00.000,02:00 AM,5.48
Queensboro_Bridge,nyccas,2026-10-01 03:00:00.000,03:00 AM,5.7
Queensboro_Bridge,nyccas,2026-10-01 04:00:00.000,04:00 AM,4.84
Queensboro_Bridge,nyccas,2026-10-01 05:00:00.000,05:00 AM,6.07
Queensboro_Bridge,nyccas,2026-10-01 06:00:00.000,06:00 AM,6.21
Queensboro_Bridge,nyccas,2026-10-01 07:00:00.000,07:00 AM,7.3
Queensboro_Bridge,nyccas,2026-10-01 08:00:00.000,08:00 AM,10.52
Queensboro_Bridge,nyccas,2026-10-01 09:00:00.000,09:00 AM,13.15
Queensboro_Bridge,nyccas,2026-10-01 10:00:00.000,10:00 AM,13.69
Queensboro_Bridge,nyccas,2026-10-01 11:00:00.000,11:00 AM,13.62
Queensboro_Bridge,nyccas,2026-10-01 12:00:00.000,12:00 PM,14.04
Queensboro_Bridge,nyccas,2026-10-01 13:00:00.000,01:00 PM,13.88
Queensboro_Bridge,nyccas,2026-10-01 14:00:00.000,02:00 PM,12.98
Queensboro_Bridge,nyccas,2026-10-01 15:00:00.000,03:00 PM,11.88
Queensboro_Bridge,nyccas,2026-10-01 16:00:00.000,04:00 PM,10.97
Queensboro_Bridge,nyccas,2026-10-01 17:00:00.000,05:00 PM,11.7
Queensboro_Bridge,nyccas,2026-10-01 18:00:00.000,06:00 PM,12.07
Queensboro_Bridge,nyccas,2026-10-01 19:00:00.000,07:00 PM,16.77
Queensboro_Bridge,nyccas,2026-10-01 20:00:00.000,08:00 PM,13.9
Queensboro_Bridge,nyccas,2026-10-01 21:00:00.000,09:00 PM,11.26
Queensboro_Bridge,nyccas,2026-10-01 22:00:00.000,10:00 PM,10.23
Queensboro_Bridge,nyccas,2026-10-01 23:00:00.000,11:00 PM,9.28
Queensboro_Bridge,nyccas,2026-10-02 00:00:00.000,12:00 AM,9.56
Queensboro_Bridge,nyccas,2026-10-02 01:00:00.000,01:00 AM,9.53
Queensboro_Bridge,nyccas,2026-10-02 02:00:00.000,02:00 AM,10.03
Queensboro_Bridge,nyccas,2026-10-02 03:00:00.000,03:00 AM,9.83
Queensboro_Bridge,nyccas,2026-10-02 04:00:00.000,04:00 AM,10.39
Queensboro_Bridge,nyccas,2026-10-02 05:00:00.000,05:00 AM,11.33
Queensboro_Bridge,nyccas,2026-10-02 06:00:00.000,06:00 AM,12.4
Queensboro_Bridge,nyccas,2026-10-02 07:00:00.000,07:00 AM,12.68
Queensboro_Bridge,nyccas,2026-10-02 08:00:00.000,08:00 AM,14.92
Queensboro_Bridge,nyccas,2026-10-02 09:00:00.000,09:00 AM,16.08
Queensboro_Bridge,nyccas,2026-10-02 10:00:00.000,10:00 AM,15.94
Queensboro_Bridge,nyccas,2026-10-02 11:00:00.000,11:00 AM,14.64
Queensboro_Bridge,nyccas,2026-10-02 12:00:00.000,12:00 PM,11.99
Queensboro_Bridge,nyccas,2026-10-02 13:00:00.000,01:00 PM,12.07
Queensboro_Bridge,nyccas,2026-10-02 14:00:00.000,02:00 PM,12.27
Queensboro_Bridge,nyccas,2026-10-02 15:00:00.000,03:00 PM,12.04
Queensboro_Bridge,nyccas,2026-10-02 16:00:00.000,04:00 PM,12.07
Queensboro_Bridge,nyccas,2026-10-02 17:00:00.000,05:00 PM,11.52
Queensboro_Bridge,nyccas,2026-10-02 18:00:00.000,06:00 PM,11.11
Queensboro_Bridge,nyccas,2026-10-02 19:00:00.000,07:00 PM,8.38
Queensboro_Bridge,nyccas,2026-10-02 20:00:00.000,08:00 PM,4.64
Queensboro_Bridge,nyccas,2026-10-02 21:00:00.000,09:00 PM,3.61
Queensboro_Bridge,nyccas,2026-10-02 22:00:00.000,10:00 PM,2.82
Queensboro_Bridge,nyccas,2026-10-02 23:00:00.000,11:00 PM,2.43
Queensboro_Bridge,nyccas,2026-10-03 00:00:00.000,12:00 AM,2.83
Queensboro_Bridge,nyccas,2026-10-03 01:00:00.000,01:00 AM,2.54
Queensboro_Bridge,nyccas,2026-10-03 02:00:00.000,02:00 AM,2.21
Queensboro_Bridge,nyccas,2026-10-03 03:00:00.000,03:00 AM,2.19
Queensboro_Bridge,nyccas,2026-10-03 04:00:00.000,04:00 AM,3.89
Queensboro_Bridge,nyccas,2026-10-03 05:00:00.000,05:00 AM,3.61
SI_Expwy,nyccas,2026-09-25 03:00:00.000,03:00 AM,4.03
SI_Expwy,nyccas,2026-09-25 04:00:00.000,04:00 AM,3.99
SI_Expwy,nyccas,2026-09-25 05:00:00.000,05:00 AM,4.19
SI_Expwy,nyccas,2026-09-25 06:00:00.000,06:00 AM,4.47
SI_Expwy,nyccas,2026-09-25 07:00:00.000,07:00 AM,4.53
SI_Expwy,nyccas,2026-09-25 08:00:00.000,08:00 AM,4.69
SI_Expwy,nyccas,2026-09-25 09:00:00.000,09:00 AM,4.38
SI_Expwy,nyccas,2026-09-25 10:00:00.000,10:00 AM,3.95
SI_Expwy,nyccas,2026-09-25 11:00:00.000,11:00 AM,3.78
SI_Expwy,nyccas,2026-09-25 12:00:00.000,12:00 PM,4.19
SI_Expwy,nyccas,2026-09-25 13:00:00.000,01:00 PM,4.72
SI_Expwy,nyccas,2026-09-25 14:00:00.000,02:00 PM,4.33
SI_Expwy,nyccas,2026-09-25 15:00:00.000,03:00 PM,4.16
SI_Expwy,nyccas,2026-09-25 16:00:00.000,04:00 PM,4.56
SI_Expwy,nyccas,2026-09-25 17:00:00.000,05:00 PM,4.33
SI_Expwy,nyccas,2026-09-25 18:00:00.000,06:00 PM,4.46
SI_Expwy,nyccas,2026-09-25 19:00:00.000,07:00 PM,4.3
SI_Expwy,nyccas,2026-09-25 20:00:00.000,08:00 PM,4.11
SI_Expwy,nyccas,2026-09-25 21:00:00.000,09:00 PM,4.02
SI_Expwy,nyccas,2026-09-25 22:00:00.000,10:00 PM,4.27
SI_Expwy,nyccas,2026-09-25 23:00:00.000,11:00 PM,5.14
SI_Expwy,nyccas,2026-09-26 00:00:00.000,12:00 AM,3.9
SI_Expwy,nyccas,2026-09-26 01:00:00.000,01:00 AM,3.98
SI_Expwy,nyccas,2026-09-26 02:00:00.000,02:00 AM,3.95
SI_Expwy,nyccas,2026-09-26 03:00:00.000,03:00 AM,4.31
SI_Expwy,nyccas,2026-09-26 04:00:00.000,04:00 AM,4.82
SI_Expwy,nyccas,2026-09-26 05:00:00.000,05:00 AM,4.9
SI_Expwy,nyccas,2026-09-26 06:00:00.000,06:00 AM,4.95
SI_Expwy,nyccas,2026-09-26 07:00:00.000,07:00 AM,5.11
SI_Expwy,nyccas,2026-09-26 08:00:00.000,08:00 AM,5.48
SI_Expwy,nyccas,2026-09-26 09:00:00.000,09:00 AM,5.66
SI_Expwy,nyccas,2026-09-26 10:00:00.000,10:00 AM,5.31
SI_Expwy,nyccas,2026-09-26 11:00:00.000,11:00 AM,5.61
SI_Expwy,nyccas,2026-09-26 12:00:00.000,12:00 PM,5.36
SI_Expwy,nyccas,2026-09-26 13:00:00.000,01:00 PM,4.63
SI_Expwy,nyccas,2026-09-26 14:00:00.000,02:00 PM,4.37
SI_Expwy,nyccas,2026-09-26 15:00:00.000,03:00 PM,4.51
SI_Expwy,nyccas,2026-09-26 16:00:00.000,04:00 PM,5.17
SI_Expwy,nyccas,2026-09-26 17:00:00.000,05:00 PM,4.83
SI_Expwy,nyccas,2026-09-26 18:00:00.000,06:00 PM,4.72
SI_Expwy,nyccas,2026-09-26 19:00:00.000,07:00 PM,5.41
SI_Expwy,nyccas,2026-09-26 20:00:00.000,08:00 PM,5.01
SI_Expwy,nyccas,2026-09-26 21:00:00.000,09:00 PM,4.95
SI_Expwy,nyccas,2026-09-26 22:00:00.000,10:00 PM,4.71
SI_Expwy,nyccas,2026-09-26 23:00:00.000,11:00 PM,4.87
SI_Expwy,nyccas,2026-09-27 00:00:00.000,12:00 AM,4.57
SI_Expwy,nyccas,2026-09-27 01:00:00.000,01:00 AM,4.27
SI_Expwy,nyccas,2026-09-27 02:00:00.000,02:00 AM,4.15
SI_Expwy,nyccas,2026-09-27 03:00:00.000,03:00 AM,3.73
SI_Expwy,nyccas,2026-09-27 04:00:00.000,04:00 AM,3.33
SI_Expwy,nyccas,2026-09-27 05:00:00.000,05:00 AM,2.91
SI_Expwy,nyccas,2026-09-27 06:00:00.000,06:00 AM,2.44
SI_Expwy,nyccas,2026-09-27 07:00:00.000,07:00 AM,2.2
SI_Expwy,nyccas,2026-09-27 08:00:00.000,08:00 AM,2.2
SI_Expwy,nyccas,2026-09-27 09:00:00.000,09:00 AM,2.26
SI_Expwy,nyccas,2026-09-27 10:00:00.000,10:00 AM,2.81
SI_Expwy,nyccas,2026-09-27 11:00:00.000,11:00 AM,2.44
SI_Expwy,nyccas,2026-09-27 12:00:00.000,12:00 PM,3.41
SI_Expwy,nyccas,2026-09-27 13:00:00.000,01:00 PM,3.07
SI_Expwy,nyccas,2026-09-27 14:00:00.000,02:00 PM,3.12
SI_Expwy,nyccas,2026-09-27 15:00:00.000,03:00 PM,3.3
SI_Expwy,nyccas,2026-09-27 16:00:00.000,04:00 PM,3.54
SI_Expwy,nyccas,2026-09-27 17:00:00.000,05:00 PM,4.05
SI_Expwy,nyccas,2026-09-27 18:00:00.000,06:00 PM,3.86
SI_Expwy,nyccas,2026-09-27 19:00:00.000,07:00 PM,3.8
SI_Expwy,nyccas,2026-09-27 20:00:00.000,08:00 PM,3.47
SI_Expwy,nyccas,2026-09-27 21:00:00.000,09:00 PM,3.1
SI_Expwy,nyccas,2026-09-27 22:00:00.000,10:00 PM,2.8
SI_Expwy,nyccas,2026-09-27 23:00:00.000,11:00 PM,2.69
SI_Expwy,nyccas,2026-09-28 00:00:00.000,12:00 AM,2.63
SI_Expwy,nyccas,2026-09-28 01:00:00.000,01:00 AM,2.48
SI_Expwy,nyccas,2026-09-28 02:00:00.000,02:00 AM,2.43
SI_Expwy,nyccas,2026-09-28 03:00:00.000,03:00 AM,2.54
SI_Expwy,nyccas,2026-09-28 04:00:00.000,04:00 AM,2.76
SI_Expwy,nyccas,2026-09-28 05:00:00.000,05:00 AM,3.19
SI_Expwy,nyccas,2026-09-28 06:00:00.000,06:00 AM,3.44
SI_Expwy,nyccas,2026-09-28 07:00:00.000,07:00 AM,3.36
SI_Expwy,nyccas,2026-09-28 08:00:00.000,08:00 AM,3.5
SI_Expwy,nyccas,2026-09-28 09:00:00.000,09:00 AM,4.06
SI_Expwy,nyccas,2026-09-28 10:00:00.000,10:00 AM,5.22
SI_Expwy,nyccas,2026-09-28 11:00:00.000,11:00 AM,4.07
SI_Expwy,nyccas,2026-09-28 12:00:00.000,12:00 PM,3.95
SI_Expwy,nyccas,2026-09-28 13:00:00.000,01:00 PM,4.27
SI_Expwy,nyccas,2026-09-28 14:00:00.000,02:00 PM,4.76
SI_Expwy,nyccas,2026-09-28 15:00:00.000,03:00 PM,3.8
SI_Expwy,nyccas,2026-09-28 16:00:00.000,04:00 PM,4.12
SI_Expwy,nyccas,2026-09-28 17:00:00.000,05:00 PM,4.19
SI_Expwy,nyccas,2026-09-28 18:00:00.000,06:00 PM,4.3
SI_Expwy,nyccas,2026-09-28 19:00:00.000,07:00 PM,4.74
SI_Expwy,nyccas,2026-09-28 20:00:00.000,08:00 PM,4.11
SI_Expwy,nyccas,2026-09-28 21:00:00.000,09:00 PM,3.99
SI_Expwy,nyccas,2026-09-28 22:00:00.000,10:00 PM,4.12
SI_Expwy,nyccas,2026-09-28 23:00:00.000,11:00 PM,3.84
SI_Expwy,nyccas,2026-09-29 00:00:00.000,12:00 AM,3.32
SI_Expwy,nyccas,2026-09-29 01:00:00.000,01:00 AM,3.49
SI_Expwy,nyccas,2026-09-29 02:00:00.000,02:00 AM,4.68
SI_Expwy,nyccas,2026-09-29 03:00:00.000,03:00 AM,4.15
SI_Expwy,nyccas,2026-09-29 04:00:00.000,04:00 AM,4.43
SI_Expwy,nyccas,2026-09-29 05:00:00.000,05:00 AM,5.16
SI_Expwy,nyccas,2026-09-29 06:00:00.000,06:00 AM,5.33
SI_Expwy,nyccas,2026-09-29 07:00:00.000,07:00 AM,5.72
SI_Expwy,nyccas,2026-09-29 08:00:00.000,08:00 AM,5.43
SI_Expwy,nyccas,2026-09-29 09:00:00.000,09:00 AM,4.08
SI_Expwy,nyccas,2026-09-29 10:00:00.000,10:00 AM,3.95
SI_Expwy,nyccas,2026-09-29 11:00:00.000,11:00 AM,3.44
SI_Expwy,nyccas,2026-09-29 12:00:00.000,12:00 PM,3.49
SI_Expwy,nyccas,2026-09-29 13:00:00.000,01:00 PM,3.69
SI_Expwy,nyccas,2026-09-29 14:00:00.000,02:00 PM,3.76
SI_Expwy,nyccas,2026-09-29 15:00:00.000,03:00 PM,4.16
SI_Expwy,nyccas,2026-09-29 16:00:00.000,04:00 PM,5.14
SI_Expwy,nyccas,2026-09-29 17:00:00.000,05:00 PM,4.89
SI_Expwy,nyccas,2026-09-29 18:00:00.000,06:00 PM,4.35
SI_Expwy,nyccas,2026-09-29 19:00:00.000,07:00 PM,4.41
SI_Expwy,nyccas,2026-09-29 20:00:00.000,08:00 PM,4.15
SI_Expwy,nyccas,2026-09-29 21:00:00.000,09:00 PM,3.94
SI_Expwy,nyccas,2026-09-29 22:00:00.000,10:00 PM,3.86
SI_Expwy,nyccas,2026-09-29 23:00:00.000,11:00 PM,4.31
SI_Expwy,nyccas,2026-09-30 00:00:00.000,12:00 AM,4.13
SI_Expwy,nyccas,2026-09-30 01:00:00.000,01:00 AM,5.01
SI_Expwy,nyccas,2026-09-30 02:00:00.000,02:00 AM,4.66
SI_Expwy,nyccas,2026-09-30 03:00:00.000,03:00 AM,4.23
SI_Expwy,nyccas,2026-09-30 04:00:00.000,04:00 AM,4.09
SI_Expwy,nyccas,2026-09-30 05:00:00.000,05:00 AM,4.76
SI_Expwy,nyccas,2026-09-30 06:00:00.000,06:00 AM,5.57
SI_Expwy,nyccas,2026-09-30 07:00:00.000,07:00 AM,6.37
SI_Expwy,nyccas,2026-09-30 08:00:00.000,08:00 AM,5.69
SI_Expwy,nyccas,2026-09-30 09:00:00.000,09:00 AM,5.53
SI_Expwy,nyccas,2026-09-30 10:00:00.000,10:00 AM,5.22
SI_Expwy,nyccas,2026-09-30 11:00:00.000,11:00 AM,5.4
SI_Expwy,nyccas,2026-09-30 12:00:00.000,12:00 PM,6.29
SI_Expwy,nyccas,2026-09-30 13:00:00.000,01:00 PM,5.9
SI_Expwy,nyccas,2026-09-30 14:00:00.000,02:00 PM,6.0
SI_Expwy,nyccas,2026-09-30 15:00:00.000,03:00 PM,5.47
SI_Expwy,nyccas,2026-09-30 16:00:00.000,04:00 PM,5.31
SI_Expwy,nyccas,2026-09-30 17:00:00.000,05:00 PM,5.73
SI_Expwy,nyccas,2026-09-30 18:00:00.000,06:00 PM,5.98
SI_Expwy,nyccas,2026-09-30 19:00:00.000,07:00 PM,6.69
SI_Expwy,nyccas,2026-09-30 20:00:00.000,08:00 PM,7.0
SI_Expwy,nyccas,2026-09-30 21:00:00.000,09:00 PM,7.3
SI_Expwy,nyccas,2026-09-30 22:00:00.000,10:00 PM,7.47
SI_Expwy,nyccas,2026-09-30 23:00:00.000,11:00 PM,7.59
SI_Expwy,nyccas,2026-10-01 00:00:00.000,12:00 AM,7.79
SI_Expwy,nyccas,2026-10-01 01:00:00.000,01:00 AM,7.24
SI_Expwy,nyccas,2026-10-01 02:00:00.000,02:00 AM,6.54
SI_Expwy,nyccas,2026-10-01 03:00:00.000,03:00 AM,6.91
SI_Expwy,nyccas,2026-10-01 04:00:00.000,04:00 AM,6.88
SI_Expwy,nyccas,2026-10-01 05:00:00.000,05:00 AM,7.63
SI_Expwy,nyccas,2026-10-01 06:00:00.000,06:00 AM,8.81
SI_Expwy,nyccas,2026-10-01 07:00:00.000,07:00 AM,9.78
SI_Expwy,nyccas,2026-10-01 08:00:00.000,08:00 AM,10.7
SI_Expwy,nyccas,2026-10-01 09:00:00.000,09:00 AM,11.82
SI_Expwy,nyccas,2026-10-01 10:00:00.000,10:00 AM,13.06
SI_Expwy,nyccas,2026-10-01 11:00:00.000,11:00 AM,13.04
SI_Expwy,nyccas,2026-10-01 12:00:00.000,12:00 PM,12.47
SI_Expwy,nyccas,2026-10-01 13:00:00.000,01:00 PM,11.39
SI_Expwy,nyccas,2026-10-01 14:00:00.000,02:00 PM,10.95
SI_Expwy,nyccas,2026-10-01 15:00:00.000,03:00 PM,10.88
SI_Expwy,nyccas,2026-10-01 16:00:00.000,04:00 PM,11.44
SI_Expwy,nyccas,2026-10-01 17:00:00.000,05:00 PM,11.7
SI_Expwy,nyccas,2026-10-01 18:00:00.000,06:00 PM,11.82
SI_Expwy,nyccas,2026-10-01 19:00:00.000,07:00 PM,12.08
SI_Expwy,nyccas,2026-10-01 20:00:00.000,08:00 PM,12.06
SI_Expwy,nyccas,2026-10-01 21:00:00.000,09:00 PM,11.29
SI_Expwy,nyccas,2026-10-01 22:00:00.000,10:00 PM,11.55
SI_Expwy,nyccas,2026-10-01 23:00:00.000,11:00 PM,11.96
SI_Expwy,nyccas,2026-10-02 00:00:00.000,12:00 AM,12.16
SI_Expwy,nyccas,2026-10-02 01:00:00.000,01:00 AM,12.44
SI_Expwy,nyccas,2026-10-02 02:00:00.000,02:00 AM,13.64
SI_Expwy,nyccas,2026-10-02 03:00:00.000,03:00 AM,14.4
SI_Expwy,nyccas,2026-10-02 04:00:00.000,04:00 AM,15.05
SI_Expwy,nyccas,2026-10-02 05:00:00.000,05:00 AM,16.42
SI_Expwy,nyccas,2026-10-02 06:00:00.000,06:00 AM,17.64
SI_Expwy,nyccas,2026-10-02 07:00:00.000,07:00 AM,18.95
SI_Expwy,nyccas,2026-10-02 08:00:00.000,08:00 AM,19.5
SI_Expwy,nyccas,2026-10-02 09:00:00.000,09:00 AM,19.16
SI_Expwy,nyccas,2026-10-02 10:00:00.000,10:00 AM,16.41
SI_Expwy,nyccas,2026-10-02 11:00:00.000,11:00 AM,14.45
SI_Expwy,nyccas,2026-10-02 12:00:00.000,12:00 PM,14.05
SI_Expwy,nyccas,2026-10-02 13:00:00.000,01:00 PM,13.82
SI_Expwy,nyccas,2026-10-02 14:00:00.000,02:00 PM,13.76
SI_Expwy,nyccas,2026-10-02 15:00:00.000,03:00 PM,13.59
SI_Expwy,nyccas,2026-10-02 16:00:00.000,04:00 PM,12.68
SI_Expwy,nyccas,2026-10-02 17:00:00.000,05:00 PM,14.0
SI_Expwy,nyccas,2026-10-02 18:00:00.000,06:00 PM,16.68
SI_Expwy,nyccas,2026-10-02 19:00:00.000,07:00 PM,14.44
SI_Expwy,nyccas,2026-10-02 20:00:00.000,08:00 PM,4.85
SI_Expwy,nyccas,2026-10-02 21:00:00.000,09:00 PM,3.52
SI_Expwy,nyccas,2026-10-02 22:00:00.000,10:00 PM,3.3
SI_Expwy,nyccas,2026-10-02 23:00:00.000,11:00 PM,3.64
SI_Expwy,nyccas,2026-10-03 00:00:00.000,12:00 AM,3.83
SI_Expwy,nyccas,2026-10-03 01:00:00.000,01:00 AM,3.97
SI_Expwy,nyccas,2026-10-03 02:00:00.000,02:00 AM,4.54
SI_Expwy,nyccas,2026-10-03 03:00:00.000,03:00 AM,5.31
SI_Expwy,nyccas,2026-10-03 04:00:00.000,04:00 AM,5.34
SI_Expwy,nyccas,2026-10-03 05:00:00.000,05:00 AM,6.06
Van_Wyck,nyccas,2026-09-25 03:00:00.000,03:00 AM,3.83
Van_Wyck,nyccas,2026-09-25 04:00:00.000,04:00 AM,3.81
Van_Wyck,nyccas,2026-09-25 05:00:00.000,05:00 AM,3.92
Van_Wyck,nyccas,2026-09-25 06:00:00.000,06:00 AM,3.69
Van_Wyck,nyccas,2026-09-25 07:00:00.000,07:00 AM,3.51
Van_Wyck,nyccas,2026-09-25 08:00:00.000,08:00 AM,3.73
Van_Wyck,nyccas,2026-09-25 09:00:00.000,09:00 AM,3.32
Van_Wyck,nyccas,2026-09-25 10:00:00.000,10:00 AM,2.99
Van_Wyck,nyccas,2026-09-25 11:00:00.000,11:00 AM,2.33
Van_Wyck,nyccas,2026-09-25 12:00:00.000,12:00 PM,3.45
Van_Wyck,nyccas,2026-09-25 13:00:00.000,01:00 PM,3.69
Van_Wyck,nyccas,2026-09-25 14:00:00.000,02:00 PM,3.77
Van_Wyck,nyccas,2026-09-25 15:00:00.000,03:00 PM,3.63
Van_Wyck,nyccas,2026-09-25 16:00:00.000,04:00 PM,3.7
Van_Wyck,nyccas,2026-09-25 17:00:00.000,05:00 PM,3.87
Van_Wyck,nyccas,2026-09-25 18:00:00.000,06:00 PM,4.14
Van_Wyck,nyccas,2026-09-25 19:00:00.000,07:00 PM,4.26
Van_Wyck,nyccas,2026-09-25 20:00:00.000,08:00 PM,3.55
Van_Wyck,nyccas,2026-09-25 21:00:00.000,09:00 PM,3.85
Van_Wyck,nyccas,2026-09-25 22:00:00.000,10:00 PM,4.2
Van_Wyck,nyccas,2026-09-25 23:00:00.000,11:00 PM,4.08
Van_Wyck,nyccas,2026-09-26 00:00:00.000,12:00 AM,3.3
Van_Wyck,nyccas,2026-09-26 01:00:00.000,01:00 AM,3.35
Van_Wyck,nyccas,2026-09-26 02:00:00.000,02:00 AM,3.49
Van_Wyck,nyccas,2026-09-26 03:00:00.000,03:00 AM,3.31
Van_Wyck,nyccas,2026-09-26 04:00:00.000,04:00 AM,3.8
Van_Wyck,nyccas,2026-09-26 05:00:00.000,05:00 AM,3.85
Van_Wyck,nyccas,2026-09-26 06:00:00.000,06:00 AM,3.73
Van_Wyck,nyccas,2026-09-26 07:00:00.000,07:00 AM,3.85
Van_Wyck,nyccas,2026-09-26 08:00:00.000,08:00 AM,3.94
Van_Wyck,nyccas,2026-09-26 09:00:00.000,09:00 AM,3.69
Van_Wyck,nyccas,2026-09-26 10:00:00.000,10:00 AM,3.25
Van_Wyck,nyccas,2026-09-26 11:00:00.000,11:00 AM,3.16
Van_Wyck,nyccas,2026-09-26 12:00:00.000,12:00 PM,3.77
Van_Wyck,nyccas,2026-09-26 13:00:00.000,01:00 PM,3.28
Van_Wyck,nyccas,2026-09-26 14:00:00.000,02:00 PM,2.86
Van_Wyck,nyccas,2026-09-26 15:00:00.000,03:00 PM,2.76
Van_Wyck,nyccas,2026-09-26 16:00:00.000,04:00 PM,3.73
Van_Wyck,nyccas,2026-09-26 17:00:00.000,05:00 PM,4.09
Van_Wyck,nyccas,2026-09-26 18:00:00.000,06:00 PM,4.62
Van_Wyck,nyccas,2026-09-26 19:00:00.000,07:00 PM,4.75
Van_Wyck,nyccas,2026-09-26 20:00:00.000,08:00 PM,3.78
Van_Wyck,nyccas,2026-09-26 21:00:00.000,09:00 PM,3.76
Van_Wyck,nyccas,2026-09-26 22:00:00.000,10:00 PM,3.39
Van_Wyck,nyccas,2026-09-26 23:00:00.000,11:00 PM,3.07
Van_Wyck,nyccas,2026-09-27 00:00:00.000,12:00 AM,2.72
Van_Wyck,nyccas,2026-09-27 01:00:00.000,01:00 AM,2.59
Van_Wyck,nyccas,2026-09-27 02:00:00.000,02:00 AM,2.52
Van_Wyck,nyccas,2026-09-27 03:00:00.000,03:00 AM,2.19
Van_Wyck,nyccas,2026-09-27 04:00:00.000,04:00 AM,2.19
Van_Wyck,nyccas,2026-09-27 05:00:00.000,05:00 AM,2.19
Van_Wyck,nyccas,2026-09-27 06:00:00.000,06:00 AM,2.19
Van_Wyck,nyccas,2026-09-27 07:00:00.000,07:00 AM,2.19
Van_Wyck,nyccas,2026-09-27 08:00:00.000,08:00 AM,2.19
Van_Wyck,nyccas,2026-09-27 09:00:00.000,09:00 AM,2.2
Van_Wyck,nyccas,2026-09-27 10:00:00.000,10:00 AM,2.19
Van_Wyck,nyccas,2026-09-27 11:00:00.000,11:00 AM,2.19
Van_Wyck,nyccas,2026-09-27 12:00:00.000,12:00 PM,2.2
Van_Wyck,nyccas,2026-09-27 13:00:00.000,01:00 PM,2.19
Van_Wyck,nyccas,2026-09-27 14:00:00.000,02:00 PM,2.49
Van_Wyck,nyccas,2026-09-27 15:00:00.000,03:00 PM,2.3
Van_Wyck,nyccas,2026-09-27 16:00:00.000,04:00 PM,2.37
Van_Wyck,nyccas,2026-09-27 17:00:00.000,05:00 PM,2.76
Van_Wyck,nyccas,2026-09-27 18:00:00.000,06:00 PM,2.71
Van_Wyck,nyccas,2026-09-27 19:00:00.000,07:00 PM,3.16
Van_Wyck,nyccas,2026-09-27 20:00:00.000,08:00 PM,2.93
Van_Wyck,nyccas,2026-09-27 21:00:00.000,09:00 PM,2.59
Van_Wyck,nyccas,2026-09-27 22:00:00.000,10:00 PM,2.72
Van_Wyck,nyccas,2026-09-27 23:00:00.000,11:00 PM,2.54
Van_Wyck,nyccas,2026-09-28 00:00:00.000,12:00 AM,2.2
Van_Wyck,nyccas,2026-09-28 01:00:00.000,01:00 AM,2.2
Van_Wyck,nyccas,2026-09-28 02:00:00.000,02:00 AM,2.46
Van_Wyck,nyccas,2026-09-28 03:00:00.000,03:00 AM,2.38
Van_Wyck,nyccas,2026-09-28 04:00:00.000,04:00 AM,2.24
Van_Wyck,nyccas,2026-09-28 05:00:00.000,05:00 AM,2.74
Van_Wyck,nyccas,2026-09-28 06:00:00.000,06:00 AM,2.67
Van_Wyck,nyccas,2026-09-28 07:00:00.000,07:00 AM,2.5
Van_Wyck,nyccas,2026-09-28 08:00:00.000,08:00 AM,2.33
Van_Wyck,nyccas,2026-09-28 09:00:00.000,09:00 AM,2.2
Van_Wyck,nyccas,2026-09-28 10:00:00.000,10:00 AM,2.19
Van_Wyck,nyccas,2026-09-28 11:00:00.000,11:00 AM,2.2
Van_Wyck,nyccas,2026-09-28 12:00:00.000,12:00 PM,2.22
Van_Wyck,nyccas,2026-09-28 13:00:00.000,01:00 PM,2.19
Van_Wyck,nyccas,2026-09-28 14:00:00.000,02:00 PM,2.19
Van_Wyck,nyccas,2026-09-28 15:00:00.000,03:00 PM,2.22
Van_Wyck,nyccas,2026-09-28 16:00:00.000,04:00 PM,3.15
Van_Wyck,nyccas,2026-09-28 17:00:00.000,05:00 PM,3.4
Van_Wyck,nyccas,2026-09-28 18:00:00.000,06:00 PM,3.49
Van_Wyck,nyccas,2026-09-28 19:00:00.000,07:00 PM,4.59
Van_Wyck,nyccas,2026-09-28 20:00:00.000,08:00 PM,4.3
Van_Wyck,nyccas,2026-09-28 21:00:00.000,09:00 PM,3.81
Van_Wyck,nyccas,2026-09-28 22:00:00.000,10:00 PM,3.69
Van_Wyck,nyccas,2026-09-28 23:00:00.000,11:00 PM,4.07
Van_Wyck,nyccas,2026-09-29 00:00:00.000,12:00 AM,4.13
Van_Wyck,nyccas,2026-09-29 01:00:00.000,01:00 AM,3.71
Van_Wyck,nyccas,2026-09-29 02:00:00.000,02:00 AM,3.81
Van_Wyck,nyccas,2026-09-29 03:00:00.000,03:00 AM,3.89
Van_Wyck,nyccas,2026-09-29 04:00:00.000,04:00 AM,4.56
Van_Wyck,nyccas,2026-09-29 05:00:00.000,05:00 AM,4.34
Van_Wyck,nyccas,2026-09-29 06:00:00.000,06:00 AM,5.61
Van_Wyck,nyccas,2026-09-29 07:00:00.000,07:00 AM,7.8
Van_Wyck,nyccas,2026-09-29 08:00:00.000,08:00 AM,6.22
Van_Wyck,nyccas,2026-09-29 09:00:00.000,09:00 AM,4.49
Van_Wyck,nyccas,2026-09-29 10:00:00.000,10:00 AM,3.58
Van_Wyck,nyccas,2026-09-29 11:00:00.000,11:00 AM,3.78
Van_Wyck,nyccas,2026-09-29 12:00:00.000,12:00 PM,4.14
Van_Wyck,nyccas,2026-09-29 13:00:00.000,01:00 PM,3.99
Van_Wyck,nyccas,2026-09-29 14:00:00.000,02:00 PM,4.3
Van_Wyck,nyccas,2026-09-29 15:00:00.000,03:00 PM,4.11
Van_Wyck,nyccas,2026-09-29 16:00:00.000,04:00 PM,6.23
Van_Wyck,nyccas,2026-09-29 17:00:00.000,05:00 PM,4.37
Van_Wyck,nyccas,2026-09-29 18:00:00.000,06:00 PM,4.81
Van_Wyck,nyccas,2026-09-29 19:00:00.000,07:00 PM,4.65
Van_Wyck,nyccas,2026-09-29 20:00:00.000,08:00 PM,4.18
Van_Wyck,nyccas,2026-09-29 21:00:00.000,09:00 PM,4.59
Van_Wyck,nyccas,2026-09-29 22:00:00.000,10:00 PM,5.29
Van_Wyck,nyccas,2026-09-29 23:00:00.000,11:00 PM,4.26
Van_Wyck,nyccas,2026-09-30 00:00:00.000,12:00 AM,3.38
Van_Wyck,nyccas,2026-09-30 01:00:00.000,01:00 AM,3.42
Van_Wyck,nyccas,2026-09-30 02:00:00.000,02:00 AM,3.48
Van_Wyck,nyccas,2026-09-30 03:00:00.000,03:00 AM,4.31
Van_Wyck,nyccas,2026-09-30 04:00:00.000,04:00 AM,3.86
Van_Wyck,nyccas,2026-09-30 05:00:00.000,05:00 AM,3.67
Van_Wyck,nyccas,2026-09-30 06:00:00.000,06:00 AM,3.52
Van_Wyck,nyccas,2026-09-30 07:00:00.000,07:00 AM,4.04
Van_Wyck,nyccas,2026-09-30 08:00:00.000,08:00 AM,4.0
Van_Wyck,nyccas,2026-09-30 09:00:00.000,09:00 AM,3.98
Van_Wyck,nyccas,2026-09-30 10:00:00.000,10:00 AM,3.85
Van_Wyck,nyccas,2026-09-30 11:00:00.000,11:00 AM,3.97
Van_Wyck,nyccas,2026-09-30 12:00:00.000,12:00 PM,5.77
Van_Wyck,nyccas,2026-09-30 13:00:00.000,01:00 PM,7.0
Van_Wyck,nyccas,2026-09-30 14:00:00.000,02:00 PM,7.32
Van_Wyck,nyccas,2026-09-30 15:00:00.000,03:00 PM,6.97
Van_Wyck,nyccas,2026-09-30 16:00:00.000,04:00 PM,6.91
Van_Wyck,nyccas,2026-09-30 17:00:00.000,05:00 PM,6.84
Van_Wyck,nyccas,2026-09-30 18:00:00.000,06:00 PM,6.89
Van_Wyck,nyccas,2026-09-30 19:00:00.000,07:00 PM,6.94
Van_Wyck,nyccas,2026-09-30 20:00:00.000,08:00 PM,6.37
Van_Wyck,nyccas,2026-09-30 21:00:00.000,09:00 PM,7.28
Van_Wyck,nyccas,2026-09-30 22:00:00.000,10:00 PM,6.89
Van_Wyck,nyccas,2026-09-30 23:00:00.000,11:00 PM,7.29
Van_Wyck,nyccas,2026-10-01 00:00:00.000,12:00 AM,8.56
Van_Wyck,nyccas,2026-10-01 01:00:00.000,01:00 AM,7.59
Van_Wyck,nyccas,2026-10-01 02:00:00.000,02:00 AM,6.46
Van_Wyck,nyccas,2026-10-01 03:00:00.000,03:00 AM,6.39
Van_Wyck,nyccas,2026-10-01 04:00:00.000,04:00 AM,7.51
Van_Wyck,nyccas,2026-10-01 05:00:00.000,05:00 AM,7.33
Van_Wyck,nyccas,2026-10-01 06:00:00.000,06:00 AM,8.08
Van_Wyck,nyccas,2026-10-01 07:00:00.000,07:00 AM,9.54
Van_Wyck,nyccas,2026-10-01 08:00:00.000,08:00 AM,10.77
Van_Wyck,nyccas,2026-10-01 09:00:00.000,09:00 AM,9.1
Van_Wyck,nyccas,2026-10-01 10:00:00.000,10:00 AM,8.56
Van_Wyck,nyccas,2026-10-01 11:00:00.000,11:00 AM,8.58
Van_Wyck,nyccas,2026-10-01 12:00:00.000,12:00 PM,9.18
Van_Wyck,nyccas,2026-10-01 13:00:00.000,01:00 PM,9.63
Van_Wyck,nyccas,2026-10-01 14:00:00.000,02:00 PM,9.43
Van_Wyck,nyccas,2026-10-01 15:00:00.000,03:00 PM,9.67
Van_Wyck,nyccas,2026-10-01 16:00:00.000,04:00 PM,8.83
Van_Wyck,nyccas,2026-10-01 17:00:00.000,05:00 PM,8.14
Van_Wyck,nyccas,2026-10-01 18:00:00.000,06:00 PM,8.36
Van_Wyck,nyccas,2026-10-01 19:00:00.000,07:00 PM,8.6
Van_Wyck,nyccas,2026-10-01 20:00:00.000,08:00 PM,9.58
Van_Wyck,nyccas,2026-10-01 21:00:00.000,09:00 PM,9.8
Van_Wyck,nyccas,2026-10-01 22:00:00.000,10:00 PM,9.97
Van_Wyck,nyccas,2026-10-01 23:00:00.000,11:00 PM,10.81
Van_Wyck,nyccas,2026-10-02 00:00:00.000,12:00 AM,10.87
Van_Wyck,nyccas,2026-10-02 01:00:00.000,01:00 AM,10.81
Van_Wyck,nyccas,2026-10-02 02:00:00.000,02:00 AM,10.83
Van_Wyck,nyccas,2026-10-02 03:00:00.000,03:00 AM,11.94
Van_Wyck,nyccas,2026-10-02 04:00:00.000,04:00 AM,12.67
Van_Wyck,nyccas,2026-10-02 05:00:00.000,05:00 AM,13.53
Van_Wyck,nyccas,2026-10-02 06:00:00.000,06:00 AM,14.68
Van_Wyck,nyccas,2026-10-02 07:00:00.000,07:00 AM,15.41
Van_Wyck,nyccas,2026-10-02 08:00:00.000,08:00 AM,15.75
Van_Wyck,nyccas,2026-10-02 09:00:00.000,09:00 AM,16.07
Van_Wyck,nyccas,2026-10-02 10:00:00.000,10:00 AM,13.73
Van_Wyck,nyccas,2026-10-02 11:00:00.000,11:00 AM,12.29
Van_Wyck,nyccas,2026-10-02 12:00:00.000,12:00 PM,12.6
Van_Wyck,nyccas,2026-10-02 13:00:00.000,01:00 PM,11.97
Van_Wyck,nyccas,2026-10-02 14:00:00.000,02:00 PM,11.87
Van_Wyck,nyccas,2026-10-02 15:00:00.000,03:00 PM,12.7
Van_Wyck,nyccas,2026-10-02 16:00:00.000,04:00 PM,12.9
Van_Wyck,nyccas,2026-10-02 17:00:00.000,05:00 PM,13.14
Van_Wyck,nyccas,2026-10-02 18:00:00.000,06:00 PM,13.52
Van_Wyck,nyccas,2026-10-02 19:00:00.000,07:00 PM,13.46
Van_Wyck,nyccas,2026-10-02 20:00:00.000,08:00 PM,6.37
Van_Wyck,nyccas,2026-10-02 21:00:00.000,09:00 PM,4.01
Van_Wyck,nyccas,2026-10-02 22:00:00.000,10:00 PM,4.16
Van_Wyck,nyccas,2026-10-02 23:00:00.000,11:00 PM,3.67
Van_Wyck,nyccas,2026-10-03 00:00:00.000,12:00 AM,3.43
Van_Wyck,nyccas,2026-10-03 01:00:00.000,01:00 AM,3.53
Van_Wyck,nyccas,2026-10-03 02:00:00.000,02:00 AM,4.7
Van_Wyck,nyccas,2026-10-03 03:00:00.000,03:00 AM,5.26
Van_Wyck,nyccas,2026-10-03 04:00:00.000,04:00 AM,4.13
Van_Wyck,nyccas,2026-10-03 05:00:00.000,05:00 AM,4.7
Williamsburg_Bridge,nyccas,2026-09-25 03:00:00.000,03:00 AM,3.71
Williamsburg_Bridge,nyccas,2026-09-25 04:00:00.000,04:00 AM,3.66
Williamsburg_Bridge,nyccas,2026-09-25 05:00:00.000,05:00 AM,3.86
Williamsburg_Bridge,nyccas,2026-09-25 06:00:00.000,06:00 AM,4.47
Williamsburg_Bridge,nyccas,2026-09-25 07:00:00.000,07:00 AM,4.46
Williamsburg_Bridge,nyccas,2026-09-25 08:00:00.000,08:00 AM,4.58
Williamsburg_Bridge,nyccas,2026-09-25 09:00:00.000,09:00 AM,5.15
Williamsburg_Bridge,nyccas,2026-09-25 10:00:00.000,10:00 AM,5.15
Williamsburg_Bridge,nyccas,2026-09-25 11:00:00.000,11:00 AM,6.02
Williamsburg_Bridge,nyccas,2026-09-25 12:00:00.000,12:00 PM,4.74
Williamsburg_Bridge,nyccas,2026-09-25 13:00:00.000,01:00 PM,5.11
Williamsburg_Bridge,nyccas,2026-09-25 14:00:00.000,02:00 PM,6.12
Williamsburg_Bridge,nyccas,2026-09-25 15:00:00.000,03:00 PM,5.68
Williamsburg_Bridge,nyccas,2026-09-25 16:00:00.000,04:00 PM,4.75
Williamsburg_Bridge,nyccas,2026-09-25 17:00:00.000,05:00 PM,5.24
Williamsburg_Bridge,nyccas,2026-09-25 18:00:00.000,06:00 PM,4.91
Williamsburg_Bridge,nyccas,2026-09-25 19:00:00.000,07:00 PM,5.23
Williamsburg_Bridge,nyccas,2026-09-25 20:00:00.000,08:00 PM,5.11
Williamsburg_Bridge,nyccas,2026-09-25 21:00:00.000,09:00 PM,4.77
Williamsburg_Bridge,nyccas,2026-09-25 22:00:00.000,10:00 PM,3.72
Williamsburg_Bridge,nyccas,2026-09-25 23:00:00.000,11:00 PM,3.53
Williamsburg_Bridge,nyccas,2026-09-26 00:00:00.000,12:00 AM,3.81
Williamsburg_Bridge,nyccas,2026-09-26 01:00:00.000,01:00 AM,3.89
Williamsburg_Bridge,nyccas,2026-09-26 02:00:00.000,02:00 AM,3.9
Williamsburg_Bridge,nyccas,2026-09-26 03:00:00.000,03:00 AM,3.94
Williamsburg_Bridge,nyccas,2026-09-26 04:00:00.000,04:00 AM,3.85
Williamsburg_Bridge,nyccas,2026-09-26 05:00:00.000,05:00 AM,3.74
Williamsburg_Bridge,nyccas,2026-09-26 06:00:00.000,06:00 AM,3.95
Williamsburg_Bridge,nyccas,2026-09-26 07:00:00.000,07:00 AM,4.14
Williamsburg_Bridge,nyccas,2026-09-26 08:00:00.000,08:00 AM,4.51
Williamsburg_Bridge,nyccas,2026-09-26 09:00:00.000,09:00 AM,5.03
Williamsburg_Bridge,nyccas,2026-09-26 10:00:00.000,10:00 AM,5.48
Williamsburg_Bridge,nyccas,2026-09-26 11:00:00.000,11:00 AM,5.12
Williamsburg_Bridge,nyccas,2026-09-26 12:00:00.000,12:00 PM,4.92
Williamsburg_Bridge,nyccas,2026-09-26 13:00:00.000,01:00 PM,5.16
Williamsburg_Bridge,nyccas,2026-09-26 14:00:00.000,02:00 PM,4.98
Williamsburg_Bridge,nyccas,2026-09-26 15:00:00.000,03:00 PM,5.29
Williamsburg_Bridge,nyccas,2026-09-26 16:00:00.000,04:00 PM,4.44
Williamsburg_Bridge,nyccas,2026-09-26 17:00:00.000,05:00 PM,4.39
Williamsburg_Bridge,nyccas,2026-09-26 18:00:00.000,06:00 PM,4.55
Williamsburg_Bridge,nyccas,2026-09-26 19:00:00.000,07:00 PM,5.58
Williamsburg_Bridge,nyccas,2026-09-26 20:00:00.000,08:00 PM,6.92
Williamsburg_Bridge,nyccas,2026-09-26 21:00:00.000,09:00 PM,5.78
Williamsburg_Bridge,nyccas,2026-09-26 22:00:00.000,10:00 PM,4.66
Williamsburg_Bridge,nyccas,2026-09-26 23:00:00.000,11:00 PM,4.03
Williamsburg_Bridge,nyccas,2026-09-27 00:00:00.000,12:00 AM,4.07
Williamsburg_Bridge,nyccas,2026-09-27 01:00:00.000,01:00 AM,4.09
Williamsburg_Bridge,nyccas,2026-09-27 02:00:00.000,02:00 AM,3.52
Williamsburg_Bridge,nyccas,2026-09-27 03:00:00.000,03:00 AM,3.17
Williamsburg_Bridge,nyccas,2026-09-27 04:00:00.000,04:00 AM,2.64
Williamsburg_Bridge,nyccas,2026-09-27 05:00:00.000,05:00 AM,2.46
Williamsburg_Bridge,nyccas,2026-09-27 06:00:00.000,06:00 AM,2.26
Williamsburg_Bridge,nyccas,2026-09-27 07:00:00.000,07:00 AM,2.4
Williamsburg_Bridge,nyccas,2026-09-27 08:00:00.000,08:00 AM,2.25
Williamsburg_Bridge,nyccas,2026-09-27 09:00:00.000,09:00 AM,2.59
Williamsburg_Bridge,nyccas,2026-09-27 10:00:00.000,10:00 AM,2.76
Williamsburg_Bridge,nyccas,2026-09-27 11:00:00.000,11:00 AM,2.84
Williamsburg_Bridge,nyccas,2026-09-27 12:00:00.000,12:00 PM,3.09
Williamsburg_Bridge,nyccas,2026-09-27 13:00:00.000,01:00 PM,3.57
Williamsburg_Bridge,nyccas,2026-09-27 14:00:00.000,02:00 PM,3.37
Williamsburg_Bridge,nyccas,2026-09-27 15:00:00.000,03:00 PM,2.81
Williamsburg_Bridge,nyccas,2026-09-27 16:00:00.000,04:00 PM,2.51
Williamsburg_Bridge,nyccas,2026-09-27 17:00:00.000,05:00 PM,2.86
Williamsburg_Bridge,nyccas,2026-09-27 18:00:00.000,06:00 PM,3.44
Williamsburg_Bridge,nyccas,2026-09-27 19:00:00.000,07:00 PM,3.72
Williamsburg_Bridge,nyccas,2026-09-27 20:00:00.000,08:00 PM,4.12
Williamsburg_Bridge,nyccas,2026-09-27 21:00:00.000,09:00 PM,2.86
Williamsburg_Bridge,nyccas,2026-09-27 22:00:00.000,10:00 PM,2.49
Williamsburg_Bridge,nyccas,2026-09-27 23:00:00.000,11:00 PM,2.27
Williamsburg_Bridge,nyccas,2026-09-28 00:00:00.000,12:00 AM,2.45
Williamsburg_Bridge,nyccas,2026-09-28 01:00:00.000,01:00 AM,2.24
Williamsburg_Bridge,nyccas,2026-09-28 02:00:00.000,02:00 AM,2.28
Williamsburg_Bridge,nyccas,2026-09-28 03:00:00.000,03:00 AM,2.24
Williamsburg_Bridge,nyccas,2026-09-28 04:00:00.000,04:00 AM,2.32
Williamsburg_Bridge,nyccas,2026-09-28 05:00:00.000,05:00 AM,2.31
Williamsburg_Bridge,nyccas,2026-09-28 06:00:00.000,06:00 AM,2.56
Williamsburg_Bridge,nyccas,2026-09-28 07:00:00.000,07:00 AM,2.56
Williamsburg_Bridge,nyccas,2026-09-28 08:00:00.000,08:00 AM,3.15
Williamsburg_Bridge,nyccas,2026-09-28 09:00:00.000,09:00 AM,3.43
Williamsburg_Bridge,nyccas,2026-09-28 10:00:00.000,10:00 AM,3.89
Williamsburg_Bridge,nyccas,2026-09-28 11:00:00.000,11:00 AM,4.46
Williamsburg_Bridge,nyccas,2026-09-28 12:00:00.000,12:00 PM,3.97
Williamsburg_Bridge,nyccas,2026-09-28 13:00:00.000,01:00 PM,5.24
Williamsburg_Bridge,nyccas,2026-09-28 14:00:00.000,02:00 PM,5.32
Williamsburg_Bridge,nyccas,2026-09-28 15:00:00.000,03:00 PM,5.77
Williamsburg_Bridge,nyccas,2026-09-28 16:00:00.000,04:00 PM,3.83
Williamsburg_Bridge,nyccas,2026-09-28 17:00:00.000,05:00 PM,4.86
Williamsburg_Bridge,nyccas,2026-09-28 18:00:00.000,06:00 PM,4.57
Williamsburg_Bridge,nyccas,2026-09-28 19:00:00.000,07:00 PM,5.57
Williamsburg_Bridge,nyccas,2026-09-28 20:00:00.000,08:00 PM,5.08
Williamsburg_Bridge,nyccas,2026-09-28 21:00:00.000,09:00 PM,5.43
Williamsburg_Bridge,nyccas,2026-09-28 22:00:00.000,10:00 PM,3.99
Williamsburg_Bridge,nyccas,2026-09-28 23:00:00.000,11:00 PM,4.18
Williamsburg_Bridge,nyccas,2026-09-29 00:00:00.000,12:00 AM,3.93
Williamsburg_Bridge,nyccas,2026-09-29 01:00:00.000,01:00 AM,3.06
Williamsburg_Bridge,nyccas,2026-09-29 02:00:00.000,02:00 AM,2.87
Williamsburg_Bridge,nyccas,2026-09-29 03:00:00.000,03:00 AM,3.52
Williamsburg_Bridge,nyccas,2026-09-29 04:00:00.000,04:00 AM,3.99
Williamsburg_Bridge,nyccas,2026-09-29 05:00:00.000,05:00 AM,5.17
Williamsburg_Bridge,nyccas,2026-09-29 06:00:00.000,06:00 AM,5.32
Williamsburg_Bridge,nyccas,2026-09-29 07:00:00.000,07:00 AM,5.34
Williamsburg_Bridge,nyccas,2026-09-29 08:00:00.000,08:00 AM,5.48
Williamsburg_Bridge,nyccas,2026-09-29 09:00:00.000,09:00 AM,5.63
Williamsburg_Bridge,nyccas,2026-09-29 10:00:00.000,10:00 AM,6.46
Williamsburg_Bridge,nyccas,2026-09-29 11:00:00.000,11:00 AM,5.89
Williamsburg_Bridge,nyccas,2026-09-29 12:00:00.000,12:00 PM,4.75
Williamsburg_Bridge,nyccas,2026-09-29 13:00:00.000,01:00 PM,4.54
Williamsburg_Bridge,nyccas,2026-09-29 14:00:00.000,02:00 PM,4.73
Williamsburg_Bridge,nyccas,2026-09-29 15:00:00.000,03:00 PM,5.25
Williamsburg_Bridge,nyccas,2026-09-29 16:00:00.000,04:00 PM,4.93
Williamsburg_Bridge,nyccas,2026-09-29 17:00:00.000,05:00 PM,4.58
Williamsburg_Bridge,nyccas,2026-09-29 18:00:00.000,06:00 PM,4.59
Williamsburg_Bridge,nyccas,2026-09-29 19:00:00.000,07:00 PM,4.48
Williamsburg_Bridge,nyccas,2026-09-29 20:00:00.000,08:00 PM,5.43
Williamsburg_Bridge,nyccas,2026-09-29 21:00:00.000,09:00 PM,4.66
Williamsburg_Bridge,nyccas,2026-09-29 22:00:00.000,10:00 PM,4.34
Williamsburg_Bridge,nyccas,2026-09-29 23:00:00.000,11:00 PM,4.49
Williamsburg_Bridge,nyccas,2026-09-30 00:00:00.000,12:00 AM,3.64
Williamsburg_Bridge,nyccas,2026-09-30 01:00:00.000,01:00 AM,3.84
Williamsburg_Bridge,nyccas,2026-09-30 02:00:00.000,02:00 AM,3.82
Williamsburg_Bridge,nyccas,2026-09-30 03:00:00.000,03:00 AM,3.32
Williamsburg_Bridge,nyccas,2026-09-30 04:00:00.000,04:00 AM,4.41
Williamsburg_Bridge,nyccas,2026-09-30 05:00:00.000,05:00 AM,4.02
Williamsburg_Bridge,nyccas,2026-09-30 06:00:00.000,06:00 AM,4.73
Williamsburg_Bridge,nyccas,2026-09-30 07:00:00.000,07:00 AM,5.4
Williamsburg_Bridge,nyccas,2026-09-30 08:00:00.000,08:00 AM,5.97
Williamsburg_Bridge,nyccas,2026-09-30 09:00:00.000,09:00 AM,5.86
Williamsburg_Bridge,nyccas,2026-09-30 10:00:00.000,10:00 AM,6.16
Williamsburg_Bridge,nyccas,2026-09-30 11:00:00.000,11:00 AM,8.3
Williamsburg_Bridge,nyccas,2026-09-30 12:00:00.000,12:00 PM,6.16
Williamsburg_Bridge,nyccas,2026-09-30 13:00:00.000,01:00 PM,6.29
Williamsburg_Bridge,nyccas,2026-09-30 14:00:00.000,02:00 PM,6.54
Williamsburg_Bridge,nyccas,2026-09-30 15:00:00.000,03:00 PM,6.47
Williamsburg_Bridge,nyccas,2026-09-30 16:00:00.000,04:00 PM,6.97
Williamsburg_Bridge,nyccas,2026-09-30 17:00:00.000,05:00 PM,6.26
Williamsburg_Bridge,nyccas,2026-09-30 18:00:00.000,06:00 PM,6.34
Williamsburg_Bridge,nyccas,2026-09-30 19:00:00.000,07:00 PM,7.48
Williamsburg_Bridge,nyccas,2026-09-30 20:00:00.000,08:00 PM,8.58
Williamsburg_Bridge,nyccas,2026-09-30 21:00:00.000,09:00 PM,8.1
Williamsburg_Bridge,nyccas,2026-09-30 22:00:00.000,10:00 PM,9.27
Williamsburg_Bridge,nyccas,2026-09-30 23:00:00.000,11:00 PM,9.74
Williamsburg_Bridge,nyccas,2026-10-01 00:00:00.000,12:00 AM,8.63
Williamsburg_Bridge,nyccas,2026-10-01 01:00:00.000,01:00 AM,7.03
Williamsburg_Bridge,nyccas,2026-10-01 02:00:00.000,02:00 AM,5.67
Williamsburg_Bridge,nyccas,2026-10-01 03:00:00.000,03:00 AM,5.77
Williamsburg_Bridge,nyccas,2026-10-01 04:00:00.000,04:00 AM,6.45
Williamsburg_Bridge,nyccas,2026-10-01 05:00:00.000,05:00 AM,7.29
Williamsburg_Bridge,nyccas,2026-10-01 06:00:00.000,06:00 AM,7.3
Williamsburg_Bridge,nyccas,2026-10-01 07:00:00.000,07:00 AM,8.14
Williamsburg_Bridge,nyccas,2026-10-01 08:00:00.000,08:00 AM,10.35
Williamsburg_Bridge,nyccas,2026-10-01 09:00:00.000,09:00 AM,11.29
Williamsburg_Bridge,nyccas,2026-10-01 10:00:00.000,10:00 AM,11.61
Williamsburg_Bridge,nyccas,2026-10-01 11:00:00.000,11:00 AM,12.57
Williamsburg_Bridge,nyccas,2026-10-01 12:00:00.000,12:00 PM,11.87
Williamsburg_Bridge,nyccas,2026-10-01 13:00:00.000,01:00 PM,10.84
Williamsburg_Bridge,nyccas,2026-10-01 14:00:00.000,02:00 PM,10.42
Williamsburg_Bridge,nyccas,2026-10-01 15:00:00.000,03:00 PM,11.0
Williamsburg_Bridge,nyccas,2026-10-01 16:00:00.000,04:00 PM,11.1
Williamsburg_Bridge,nyccas,2026-10-01 17:00:00.000,05:00 PM,11.02
Williamsburg_Bridge,nyccas,2026-10-01 18:00:00.000,06:00 PM,12.82
Williamsburg_Bridge,nyccas,2026-10-01 19:00:00.000,07:00 PM,13.43
Williamsburg_Bridge,nyccas,2026-10-01 20:00:00.000,08:00 PM,11.52
Williamsburg_Bridge,nyccas,2026-10-01 21:00:00.000,09:00 PM,9.21
Williamsburg_Bridge,nyccas,2026-10-01 22:00:00.000,10:00 PM,8.94
Williamsburg_Bridge,nyccas,2026-10-01 23:00:00.000,11:00 PM,9.04
Williamsburg_Bridge,nyccas,2026-10-02 00:00:00.000,12:00 AM,9.72
Williamsburg_Bridge,nyccas,2026-10-02 01:00:00.000,01:00 AM,9.28
Williamsburg_Bridge,nyccas,2026-10-02 02:00:00.000,02:00 AM,9.63
Williamsburg_Bridge,nyccas,2026-10-02 03:00:00.000,03:00 AM,10.59
Williamsburg_Bridge,nyccas,2026-10-02 04:00:00.000,04:00 AM,11.36
Williamsburg_Bridge,nyccas,2026-10-02 05:00:00.000,05:00 AM,11.09
Williamsburg_Bridge,nyccas,2026-10-02 06:00:00.000,06:00 AM,12.46
Williamsburg_Bridge,nyccas,2026-10-02 07:00:00.000,07:00 AM,12.88
Williamsburg_Bridge,nyccas,2026-10-02 08:00:00.000,08:00 AM,14.94
Williamsburg_Bridge,nyccas,2026-10-02 09:00:00.000,09:00 AM,15.91
Williamsburg_Bridge,nyccas,2026-10-02 10:00:00.000,10:00 AM,15.44
Williamsburg_Bridge,nyccas,2026-10-02 11:00:00.000,11:00 AM,15.16
Williamsburg_Bridge,nyccas,2026-10-02 12:00:00.000,12:00 PM,12.65
Williamsburg_Bridge,nyccas,2026-10-02 13:00:00.000,01:00 PM,12.18
Williamsburg_Bridge,nyccas,2026-10-02 14:00:00.000,02:00 PM,12.28
Williamsburg_Bridge,nyccas,2026-10-02 15:00:00.000,03:00 PM,12.19
Williamsburg_Bridge,nyccas,2026-10-02 16:00:00.000,04:00 PM,8.72
Williamsburg_Bridge,nyccas,2026-10-02 17:00:00.000,05:00 PM,8.81
Williamsburg_Bridge,nyccas,2026-10-02 18:00:00.000,06:00 PM,10.03
Williamsburg_Bridge,nyccas,2026-10-02 19:00:00.000,07:00 PM,8.15
Williamsburg_Bridge,nyccas,2026-10-02 20:00:00.000,08:00 PM,5.68
Williamsburg_Bridge,nyccas,2026-10-02 21:00:00.000,09:00 PM,5.21
Williamsburg_Bridge,nyccas,2026-10-02 22:00:00.000,10:00 PM,4.24
Williamsburg_Bridge,nyccas,2026-10-02 23:00:00.000,11:00 PM,3.42
Williamsburg_Bridge,nyccas,2026-10-03 00:00:00.000,12:00 AM,4.34
Williamsburg_Bridge,nyccas,2026-10-03 01:00:00.000,01:00 AM,4.5
Williamsburg_Bridge,nyccas,2026-10-03 02:00:00.000,02:00 AM,4.04
Williamsburg_Bridge,nyccas,2026-10-03 03:00:00.000,03:00 AM,3.92
Williamsburg_Bridge,nyccas,2026-10-03 04:00:00.000,04:00 AM,4.39
Williamsburg_Bridge,nyccas,2026-10-03 05:00:00.000,05:00 AM,4.63
